Text,Keyword,AcreageMax,AcreageMin,SqFtMax,SqFtMin,AskingPriceMax,AskingPriceMin,CapRateMin,CapRateMax,OccupancyMax,OccupancyMin
Restaurant for sale with asking price of $150000,Restaurant,,,,,,150000,,,,
Looking for a commercial property with cap rate above 6%,property,,,,,,,6,,,
Industrial property,industrial,,,,,,,,,,
Office space with minimum 500 sq ft,office,,,,500,,,,,,
Vacant land for sale in opportunity zone,land,,,,,,,,,,
Searching for a warehouse with 100000 sq ft or more,warehouse,,100000,,,,,,,,
Residential property with asking price between $200000 and $300000,residential,,,,,300000,200000,,,,
Looking for a car wash with acreage between 5 and 10 acres,car wash,10,5,,,,,,,,
Gas station for sale with cap rate above 7%,Gas station,,,,,,,7,,,
Looking for a hotel with 200 or more rooms,hotel,,,,,,,,,,
Searching for a farm with asking price under $500000,farm,,500000,500000,,,,,,,
Medical office building with cap rate between 5% and 8%,building,,,,,,,5,8,,
Looking for a QSR/fast food restaurant,QSR/fast food,,,,,,,,,,
Industrial property for sale with at least 100000 sq ft,industrial,,,,100000,,,,,,
Searching for an office space with 5,,,,,,5000,,,,,
Residential property with asking price under $200000,property,,,,,200000,,,,,
Looking for a car wash with acreage between 1 and 5 acres,car wash,2,1,,,,,,,,
Gas station for sale with cap rate above 6%,Gas station,,,,,,,6,,,
Looking for a hotel with 100 or more rooms,hotel,,,,,,,,,,100
Searching for a farm with asking price under $300000,farm,,,,,,300000,,,,
Medical office building with cap rate between 6% and 9%,building,,,,,,,6,9,,
Industrial property for sale with at least 200000 sq ft,property,,,,200000,,,,,,
Commercial property,commercial,,,,,,,,,,
Searching for an office space with 10000 sq ft or more,space,,,,10000,,,,,,
Residential property with asking price under $250000,property,,,,,250000,,,,,
Gas station for sale with cap rate above 8%,Gas station,,,,,,,8,,,
Looking for a hotel with 150 or more rooms,hotel,,,,,,,,,,150
Searching for a farm with asking price under $400000,farm,,,,,,400000,,,,
Medical office building with cap rate between 7% and 10%,building,,,,,,,7,10,,
Industrial property for sale with at least 300000 sq ft,property,,300000,,,,,,,,
Searching for an office space with 7,,,,7500,,,,,,,
Residential property with asking price under $300000,property,,300000,300000,,,,,,,
Looking for a car wash with acreage between 5 and 10 acres,car wash,,5,,10,,,,,,
Gas station for sale with cap rate above 8%,Gas station,,,,,,,,8,,
Searching for a farm with asking price under $400000,farm,,,,,400000,,,,,
Medical office building with cap rate between 7% and 10%,medical,,,,,,,7,10,,
Looking for a QSR/fast food restaurant,fast food,,,,,,,,,,
Industrial property for sale with at least 300000 sq ft,industrial,,,,300000,,,,,,
Searching for an office space with 7,,,,,7500,,,,,,
Residential property with asking price under $300000,residential,,,,,300000,,,,,
Looking for a property with 10 acres,,,,,,10,,,,,
Seeking properties between 50000 and 100000 sq ft,,,,,100000,50000,,,,,
Looking for a property with 20 acres,,,,,,20,,,,,
Seeking properties between 100000 and 200000 sq ft,,,,,200000,100000,,,,,
Restaurant for sale with asking price of $250000,Restaurant,,,,,,250000,,,,
Looking for a commercial property with cap rate above 7%,property,,,,,,,7,,,
Office space with minimum 800 sq ft,office,,,,800,,,,,,
Searching for a warehouse with 200000 sq ft or more,warehouse,,200000,,,,,,,,
Residential property with asking price between $300000 and $400000,residential,,,,,400000,300000,,,,
Looking for a hotel with 300 or more rooms,hotel,,,,,,,,,,
Searching for a farm with asking price under $600000,farm,,600000,600000,,,,,,,
Industrial property for sale with at least 400000 sq ft,property,,,,400000,,,,,,
Searching for an office space with 15,,,,,,15000,,,,,
Residential property with asking price under $400000,property,,,,,400000,,,,,
Looking for a car wash with acreage between 2 and 5 acres,car wash,5,2,,,,,,,,
Looking for a hotel with 200 or more rooms,hotel,,,,,,,,,,200
Searching for a farm with asking price under $500000,farm,,,,,,500000,,,,
Medical office building with cap rate between 6% and 10%,building,,,,,,,6,10,,
Industrial property for sale with at least 500000 sq ft,property,,,,500000,,,,,,
Residential property with asking price under $300000,property,,,,,300000,,,,,
Looking for a property with 30 acres,,,,,,30,,,,,
Seeking properties between 150000 and 250000 sq ft,,,,,250000,150000,,,,,
Restaurant for sale with asking price of $300000,Restaurant,,,,,,300000,,,,
Looking for a commercial property with cap rate above 8%,property,,,,,,,8,,,
Office space with minimum 1,,,,,,1000,,,,,
Searching for a warehouse with 300000 sq ft or more,warehouse,,300000,,,,,,,,
Residential property with asking price between $400000 and $500000,residential,,,,,500000,400000,,,,
Gas station for sale with cap rate above 9%,Gas station,,,,,,,9,,,
Looking for a hotel with 400 or more rooms,hotel,,,,,,,,,,
Searching for a farm with asking price under $700000,farm,,700000,700000,,,,,,,
Medical office building with cap rate between 7% and 11%,building,,,,,,,7,11,,
Industrial property for sale with at least 600000 sq ft,property,,,,600000,,,,,,
Searching for an office space with 20000 sq ft or more,space,,,,20000,,,,,,
Residential property with asking price under $500000,property,,,,,500000,,,,,
Looking for a car wash with acreage between 2 and 10 acres,car wash,10,2,,,,,,,,
Looking for a hotel with 250 or more rooms,hotel,,,,,,,,,,250
Searching for a farm with asking price under $800000,farm,,,,,,800000,,,,
Medical office building with cap rate between 8% and 11%,building,,,,,,,8,11,,
Industrial property for sale with at least 700000 sq ft,property,,,,700000,,,,,,
Searching for an office space with 25,,,,,,25000,,,,,
Residential property with asking price under $600000,property,,,,,600000,,,,,
Looking for a property with 40 acres,,,,,,40,,,,,
Seeking properties between 200000 and 300000 sq ft,,,,,300000,200000,,,,,
Restaurant for sale with asking price of $400000,Restaurant,,,,,,400000,,,,
Looking for a commercial property with cap rate above 9%,property,,,,,,,9,,,
Office space with minimum 1,,,,,,1500,,,,,
Searching for a warehouse with 400000 sq ft or more,warehouse,,400000,,,,,,,,
Residential property with asking price between $500000 and $600000,residential,,,,,600000,500000,,,,
Gas station for sale with cap rate above 10%,Gas station,,,,,,,10,,,
Looking for a hotel with 500 or more rooms,hotel,,,,,,,,,,
Searching for a farm with asking price under $900000,farm,,900000,900000,,,,,,,
Medical office building with cap rate between 8% and 12%,building,,,,,,,8,12,,
Industrial property for sale with at least 800000 sq ft,property,,,,800000,,,,,,
Searching for an office space with 30000 sq ft or more,space,,,,30000,,,,,,
Residential property with asking price under $700000,property,,,,,700000,,,,,
Looking for a car wash with acreage between 2 and 15 acres,car wash,15,2,,,,,,,,
Looking for a hotel with 300 or more rooms,hotel,,,,,,,,,,300
Searching for a farm with asking price under $1,,,,,,,,1000000,,,
Medical office building with cap rate between 9% and 12%,building,,,,,,,9,12,,
Industrial property for sale with at least 900000 sq ft,property,,,,900000,,,,,,
Searching for an office space with 35,,,,,,35000,,,,,
Residential property with asking price under $800000,property,,,,,800000,,,,,
Looking for a property with 50 acres,,,,,,50,,,,,
Seeking properties between 300000 and 400000 sq ft,,,,,400000,300000,,,,,
Restaurant for sale with asking price of $500000,Restaurant,,,,,,500000,,,,
Looking for a commercial property with cap rate above 10%,property,,,,,,,10,,,
Office space with minimum 2,,,,,,2000,,,,,
Searching for a warehouse with 500000 sq ft or more,warehouse,,500000,,,,,,,,
Residential property with asking price between $600000 and $700000,residential,,,,,700000,600000,,,,
Gas station for sale with cap rate above 11%,Gas station,,,,,,,11,,,
Searching for a farm with asking price under $1,,,,1200000,1200000,,,,,,
Medical office building with cap rate between 9% and 13%,building,,,,,,,9,13,,
Industrial property for sale with at least 1,,,,,,1000000,,,,,
Searching for an office space with 40000 sq ft or more,space,,,,40000,,,,,,
Residential property with asking price under $900000,property,,,,,900000,,,,,
Looking for a car wash with acreage between 2 and 20 acres,car wash,20,2,,,,,,,,
Looking for a hotel with 500 or more rooms,hotel,,,,,,,,,,500
Searching for a farm with asking price under $1,,,,,,,,1500000,,,
Medical office building with cap rate between 10% and 14%,building,,,,,,,10,14,,
Industrial property for sale with at least 1,,,,,,1200000,,,,,
Searching for an office space with 45,,,,,,45000,,,,,
Residential property with asking price under $1,,,,,,,1000000,,,,
Looking for a property with 60 acres,,,,,,60,,,,,
Seeking properties between 400000 and 500000 sq ft,,,,,500000,400000,,,,,
Restaurant for sale with asking price of $600000,Restaurant,,,,,,600000,,,,
Looking for a commercial property with cap rate above 11%,property,,,,,,,11,,,
Office space with minimum 2,,,,,,2500,,,,,
Searching for a warehouse with 600000 sq ft or more,warehouse,,600000,,,,,,,,
Residential property with asking price between $700000 and $800000,residential,,,,,800000,700000,,,,
Gas station for sale with cap rate above 12%,Gas station,,,,,,,12,,,
Looking for a hotel with 600 or more rooms,hotel,,,,,,,,,,
Searching for a farm with asking price under $1,,,,1800000,1800000,,,,,,
Medical office building with cap rate between 11% and 15%,building,,,,,,,11,15,,
Industrial property for sale with at least 1,,,,,,1500000,,,,,
Searching for an office space with 50000 sq ft or more,space,,,,50000,,,,,,
Residential property with asking price under $1,,,,,,,1100000,,,,
Looking for a car wash with acreage between 2 and 25 acres,car wash,25,2,,,,,,,,
Gas station for sale with cap rate above 13%,Gas station,,,,,,,13,,,
Looking for a hotel with 700 or more rooms,hotel,,,,,,,,,,700
Searching for a farm with asking price under $2,,,,,,,,2000000,,,
Medical office building with cap rate between 12% and 16%,building,,,,,,,12,16,,
Industrial property for sale with at least 2,,,,,,2000000,,,,,
Searching for an office space with 55,,,,,,55000,,,,,
Residential property with asking price under $1,,,,,,,1300000,,,,
Looking for a property with 70 acres,,,,,,70,,,,,
Seeking properties between 500000 and 600000 sq ft,,,,,600000,500000,,,,,
Restaurant for sale with asking price of $700000,Restaurant,,,,,,700000,,,,
Looking for a commercial property with cap rate above 12%,property,,,,,,,12,,,
Office space with minimum 3,,,,,,3000,,,,,
Searching for a warehouse with 700000 sq ft or more,warehouse,,700000,,,,,,,,
Residential property with asking price between $800000 and $900000,residential,,,,,900000,800000,,,,
Gas station for sale with cap rate above 14%,Gas station,,,,,,,14,,,
Looking for a hotel with 800 or more rooms,hotel,,,,,,,,,,
Searching for a farm with asking price under $2,,,,2200000,2200000,,,,,,
Medical office building with cap rate between 13% and 17%,building,,,,,,,13,17,,
Industrial property for sale with at least 2,,,,,,2500000,,,,,
Searching for an office space with 60000 sq ft or more,space,,,,60000,,,,,,
Residential property with asking price under $1,,,,,,,1500000,,,,
Looking for a car wash with acreage between 2 and 30 acres,car wash,30,2,,,,,,,,
Gas station for sale with cap rate above 15%,Gas station,,,,,,,15,,,
Looking for a hotel with 900 or more rooms,hotel,,,,,,,,,,900
Searching for a farm with asking price under $2,,,,,,,,2500000,,,
Medical office building with cap rate between 14% and 18%,building,,,,,,,14,18,,
Industrial property for sale with at least 3,,,,,,3000000,,,,,
Searching for an office space with 65,,,,,,65000,,,,,
Residential property with asking price under $1,,,,,,,1700000,,,,
Looking for a property with 80 acres,,,,,,80,,,,,
Seeking properties between 600000 and 700000 sq ft,,,,,700000,600000,,,,,
Restaurant for sale with asking price of $800000,Restaurant,,,,,,800000,,,,
Looking for a commercial property with cap rate above 13%,property,,,,,,,13,,,
Office space with minimum 3,,,,,,3500,,,,,
Searching for a warehouse with 800000 sq ft or more,warehouse,,800000,,,,,,,,
Residential property with asking price between $900000 and $1,,,,,,,1000000,900000,,,
Gas station for sale with cap rate above 16%,Gas station,,,,,,,16,,,
Looking for a hotel with 1,,,,,,,,,,,
Searching for a farm with asking price under $2,,,,2800000,2800000,,,,,,
Medical office building with cap rate between 15% and 19%,building,,,,,,,15,19,,
Industrial property for sale with at least 3,,,,,,3500000,,,,,
Searching for an office space with 70000 sq ft or more,space,,,,70000,,,,,,
Residential property with asking price under $1,,,,,,,1900000,,,,
Looking for a car wash with acreage between 2 and 35 acres,car wash,35,2,,,,,,,,
Gas station for sale with cap rate above 17%,Gas station,,,,,,,17,,,
Looking for a hotel with 1,,,,,,,,,,,
Searching for a farm with asking price under $3,,,,,,,,3000000,,,
Medical office building with cap rate between 16% and 20%,building,,,,,,,16,20,,
Industrial property for sale with at least 4,,,,,,4000000,,,,,
Searching for an office space with 75,,,,,,75000,,,,,
Residential property with asking price under $2,,,,,,,2100000,,,,
Looking for a property with 90 acres,,,,,,90,,,,,
Seeking properties between 700000 and 800000 sq ft,,,,,800000,700000,,,,,
Restaurant for sale with asking price of $900000,Restaurant,,,,,,900000,,,,
Looking for a commercial property with cap rate above 14%,property,,,,,,,14,,,
Office space with minimum 4,,,,,,4000,,,,,
Searching for a warehouse with 900000 sq ft or more,warehouse,,900000,,,,,,,,
Residential property with asking price between $1,,100000,,,,,,1100000,1000000,,
Gas station for sale with cap rate above 18%,Gas station,,,,,,,18,,,
Looking for a hotel with 1,,,,,,,,,,,
Searching for a farm with asking price under $3,,,,3200000,3200000,,,,,,
Medical office building with cap rate between 17% and 21%,building,,,,,,,17,21,,
Industrial property for sale with at least 4,,,,,,4500000,,,,,
Searching for an office space with 80000 sq ft or more,space,,,,80000,,,,,,
Residential property with asking price under $2,,,,,,,2300000,,,,
Looking for a car wash with acreage between 2 and 40 acres,car wash,40,2,,,,,,,,
Gas station for sale with cap rate above 19%,Gas station,,,,,,,19,,,
Looking for a hotel with 1,,,,,,,,,,,
Searching for a farm with asking price under $3,,,,,,,,3500000,,,
Medical office building with cap rate between 18% and 22%,building,,,,,,,18,22,,
Industrial property for sale with at least 5,,,,,,5000000,,,,,
Searching for an office space with 85,,,,,,85000,,,,,
Residential property with asking price under $2,,,,,,,2500000,,,,
Looking for a property with 100 acres,,,,,,100,,,,,
Seeking properties between 800000 and 900000 sq ft,,,,,900000,800000,,,,,
Restaurant for sale with asking price of $1,,,,,,,,1000000,,,
Looking for a commercial property with cap rate above 15%,property,,,,,,,15,,,
Office space with minimum 4,,,,,,4500,,,,,
Searching for a warehouse with 1,,,,1000000,,,,,,,
Residential property with asking price between $1,,200000,,,,,,1200000,1100000,,
Gas station for sale with cap rate above 20%,Gas station,,,,,,,20,,,
Looking for a hotel with 1,,,,,,,,,,,
Searching for a farm with asking price under $3,,,,3800000,3800000,,,,,,
Medical office building with cap rate between 19% and 23%,building,,,,,,,19,23,,
Industrial property for sale with at least 5,,,,,,5500000,,,,,
Searching for an office space with 90000 sq ft or more,space,,,,90000,,,,,,
Residential property with asking price under $2,,,,,,,2700000,,,,
Looking for a car wash with acreage between 2 and 45 acres,car wash,45,2,,,,,,,,
Gas station for sale with cap rate above 21%,Gas station,,,,,,,21,,,
Looking for a hotel with 1,,,,,,,,,,,
Searching for a farm with asking price under $4,,,,,,,,4000000,,,
Medical office building with cap rate between 20% and 24%,building,,,,,,,20,24,,
Industrial property for sale with at least 6,,,,,,6000000,,,,,
Searching for an office space with 95,,,,,,95000,,,,,
Residential property with asking price under $2,,,,,,,2900000,,,,
Looking for a property with 110 acres,,,,,,110,,,,,
Seeking properties between 900000 and 1,,,,,,1000000,900000,,,,
Restaurant for sale with asking price of $1,,,,,,,,1100000,,,
Looking for a commercial property with cap rate above 16%,property,,,,,,,16,,,
Office space with minimum 5,,,,,,5000,,,,,
Searching for a warehouse with 1,,,,1100000,,,,,,,
Residential property with asking price between $1,,300000,,,,,,1300000,1200000,,
Gas station for sale with cap rate above 22%,Gas station,,,,,,,22,,,
Looking for a hotel with 1,,,,,,,,,,,
Searching for a farm with asking price under $4,,,,4200000,4200000,,,,,,
Medical office building with cap rate between 21% and 25%,building,,,,,,,21,25,,
Industrial property for sale with at least 6,,,,,,6500000,,,,,
Searching for an office space with 100000 sq ft or more,space,,,,100000,,,,,,
Residential property with asking price under $3,,,,,,,3100000,,,,
Looking for a car wash with acreage between 2 and 50 acres,car wash,50,2,,,,,,,,
Gas station for sale with cap rate above 23%,Gas station,,,,,,,23,,,
Looking for a hotel with 1,,,,,,,,,,,
Searching for a farm with asking price under $4,,,,,,,,4500000,,,
Medical office building with cap rate between 22% and 26%,building,,,,,,,22,26,,
Industrial property for sale with at least 7,,,,,,7000000,,,,,
Searching for an office space with 105,,,,,,105000,,,,,
Residential property with asking price under $3,,,,,,,3300000,,,,
Looking for a property with 120 acres,,,,,,120,,,,,
Seeking properties between 1,,100000,,,,,1100000,1000000,,,
Restaurant for sale with asking price of $1,,,,,,,,1200000,,,
Looking for a commercial property with cap rate above 17%,property,,,,,,,17,,,
Office space with minimum 5,,,,,,5500,,,,,
Searching for a warehouse with 1,,,,1200000,,,,,,,
Residential property with asking price between $1,,400000,,,,,,1400000,1300000,,
Gas station for sale with cap rate above 24%,Gas station,,,,,,,24,,,
Looking for a hotel with 1,,,,,,,,,,,
Searching for a farm with asking price under $4,,,,4800000,4800000,,,,,,
Medical office building with cap rate between 23% and 27%,building,,,,,,,23,27,,
Industrial property for sale with at least 7,,,,,,7500000,,,,,
Searching for an office space with 110000 sq ft or more,space,,,,110000,,,,,,
Residential property with asking price under $3,,,,,,,3500000,,,,
Looking for a car wash with acreage between 2 and 55 acres,car wash,55,2,,,,,,,,
Gas station for sale with cap rate above 25%,Gas station,,,,,,,25,,,
Looking for a hotel with 1,,,,,,,,,,,
Searching for a farm with asking price under $5,,,,,,,,5000000,,,
Medical office building with cap rate between 24% and 28%,building,,,,,,,24,28,,
Industrial property for sale with at least 8,,,,,,8000000,,,,,
Searching for an office space with 115,,,,,,115000,,,,,
Residential property with asking price under $3,,,,,,,3700000,,,,
Looking for a property with 130 acres,,,,,,130,,,,,
Seeking properties between 1,,200000,,,,,1200000,1100000,,,
Restaurant for sale with asking price of $1,,,,,,,,1300000,,,
Looking for a commercial property with cap rate above 18%,property,,,,,,,18,,,
Office space with minimum 6,,,,,,6000,,,,,
Searching for a warehouse with 1,,,,1300000,,,,,,,
Residential property with asking price between $1,,500000,,,,,,1500000,1400000,,
Gas station for sale with cap rate above 26%,Gas station,,,,,,,26,,,
Looking for a hotel with 2,,,,,,,,,,,
Searching for a farm with asking price under $5,,,,5200000,5200000,,,,,,
Medical office building with cap rate between 25% and 29%,building,,,,,,,25,29,,
Industrial property for sale with at least 8,,,,,,8500000,,,,,
Searching for an office space with 120000 sq ft or more,space,,,,120000,,,,,,
Residential property with asking price under $3,,,,,,,3900000,,,,
Looking for a car wash with acreage between 2 and 60 acres,car wash,60,2,,,,,,,,
Gas station for sale with cap rate above 27%,Gas station,,,,,,,27,,,
Looking for a hotel with 2,,,,,,,,,,,
Searching for a farm with asking price under $5,,,,,,,,5500000,,,
Medical office building with cap rate between 26% and 30%,building,,,,,,,26,30,,
Industrial property for sale with at least 9,,,,,,9000000,,,,,
Searching for an office space with 125,,,,,,125000,,,,,
Residential property with asking price under $4,,,,,,,4100000,,,,
Looking for a property with 140 acres,,,,,,140,,,,,
Seeking properties between 1,,300000,,,,,1300000,1200000,,,
Restaurant for sale with asking price of $1,,,,,,,,1400000,,,
Looking for a commercial property with cap rate above 19%,property,,,,,,,19,,,
Office space with minimum 6,,,,,,6500,,,,,
Searching for a warehouse with 1,,,,1400000,,,,,,,
Residential property with asking price between $1,,600000,,,,,,1600000,1500000,,
Gas station for sale with cap rate above 28%,Gas station,,,,,,,28,,,
Looking for a hotel with 2,,,,,,,,,,,
Searching for a farm with asking price under $5,,,,5800000,5800000,,,,,,
Medical office building with cap rate between 27% and 31%,building,,,,,,,27,31,,
Industrial property for sale with at least 9,,,,,,9500000,,,,,
Searching for an office space with 130000 sq ft or more,space,,,,130000,,,,,,
Residential property with asking price under $4,,,,,,,4300000,,,,
Looking for a car wash with acreage between 2 and 65 acres,car wash,65,2,,,,,,,,
Gas station for sale with cap rate above 29%,Gas station,,,,,,,29,,,
Looking for a hotel with 2,,,,,,,,,,,
Searching for a farm with asking price under $6,,,,,,,,6000000,,,
Medical office building with cap rate between 28% and 32%,building,,,,,,,28,32,,
Industrial property for sale with at least 10000000 sq ft,property,,,,10000000,,,,,,
Searching for an office space with 135,,,,,,135000,,,,,
Residential property with asking price under $4,,,,,,,4500000,,,,
Looking for a property with 150 acres,,,,,,150,,,,,
Seeking properties between 1,,400000,,,,,1400000,1300000,,,
Restaurant for sale with asking price of $1,,,,,,,,1500000,,,
Looking for a commercial property with cap rate above 20%,property,,,,,,,20,,,
Office space with minimum 7,,,,,,7000,,,,,
Searching for a warehouse with 1,,,,1500000,,,,,,,
Residential property with asking price between $1,,700000,,,,,,1700000,1600000,,
Gas station for sale with cap rate above 30%,Gas station,,,,,,,30,,,
Looking for a hotel with 2,,,,,,,,,,,
Searching for a farm with asking price under $6,,,,6200000,6200000,,,,,,
Medical office building with cap rate between 29% and 33%,building,,,,,,,29,33,,
Industrial property for sale with at least 10,,,,,,10500000,,,,,
Searching for an office space with 140000 sq ft or more,space,,,,140000,,,,,,
Residential property with asking price under $4,,,,,,,4700000,,,,
Looking for a car wash with acreage between 2 and 70 acres,car wash,70,2,,,,,,,,
Gas station for sale with cap rate above 31%,Gas station,,,,,,,31,,,
Looking for a hotel with 3,,,,,,,,,,,
Searching for a farm with asking price under $6,,,,,,,,6500000,,,
Medical office building with cap rate between 30% and 34%,building,,,,,,,30,34,,
Industrial property for sale with at least 11,,,,,,11000000,,,,,
Searching for an office space with 145,,,,,,145000,,,,,
Residential property with asking price under $5,,,,,,,5000000,,,,
Looking for a property with 160 acres,,,,,,160,,,,,
Seeking properties between 1,,500000,,,,,1500000,1400000,,,
Restaurant for sale with asking price of $1,,,,,,,,1600000,,,
Looking for a commercial property with cap rate above 21%,property,,,,,,,21,,,
Office space with minimum 7,,,,,,7500,,,,,
Searching for a warehouse with 1,,,,1600000,,,,,,,
Residential property with asking price between $1,,800000,,,,,,1800000,1700000,,
Gas station for sale with cap rate above 32%,Gas station,,,,,,,32,,,
Looking for a hotel with 3,,,,,,,,,,,
Searching for a farm with asking price under $7,,,,7000000,7000000,,,,,,
Medical office building with cap rate between 31% and 35%,building,,,,,,,31,35,,
Industrial property for sale with at least 11,,,,,,11500000,,,,,
Searching for an office space with 150000 sq ft or more,space,,,,150000,,,,,,
Residential property with asking price under $5,,,,,,,5300000,,,,
Looking for a car wash with acreage between 2 and 75 acres,car wash,75,2,,,,,,,,
Gas station for sale with cap rate above 33%,Gas station,,,,,,,33,,,
Looking for a hotel with 3,,,,,,,,,,,
Searching for a farm with asking price under $7,,,,,,,,7500000,,,
Medical office building with cap rate between 32% and 36%,building,,,,,,,32,36,,
Industrial property for sale with at least 12,,,,,,12000000,,,,,
Searching for an office space with 155,,,,,,155000,,,,,
Residential property with asking price under $5,,,,,,,5600000,,,,
Looking for a property with 170 acres,,,,,,170,,,,,
Seeking properties between 1,,600000,,,,,1600000,1500000,,,
Restaurant for sale with asking price of $1,,,,,,,,1700000,,,
Looking for a commercial property with cap rate above 22%,property,,,,,,,22,,,
Office space with minimum 8,,,,,,8000,,,,,
Searching for a warehouse with 1,,,,1700000,,,,,,,
Residential property with asking price between $1,,900000,,,,,,1900000,1800000,,
Gas station for sale with cap rate above 34%,Gas station,,,,,,,34,,,
Looking for a hotel with 3,,,,,,,,,,,
Searching for a farm with asking price under $8,,,,8000000,8000000,,,,,,
Medical office building with cap rate between 33% and 37%,building,,,,,,,33,37,,
Industrial property for sale with at least 12,,,,,,12500000,,,,,
Searching for an office space with 160000 sq ft or more,space,,,,160000,,,,,,
Residential property with asking price under $5,,,,,,,5900000,,,,
Looking for a car wash with acreage between 2 and 80 acres,car wash,80,2,,,,,,,,
Gas station for sale with cap rate above 35%,Gas station,,,,,,,35,,,
Looking for a hotel with 3,,,,,,,,,,,
Searching for a farm with asking price under $8,,,,,,,,8500000,,,
Medical office building with cap rate between 34% and 38%,building,,,,,,,34,38,,
Industrial property for sale with at least 13,,,,,,13000000,,,,,
Searching for an office space with 165,,,,,,165000,,,,,
Residential property with asking price under $6,,,,,,,6200000,,,,
Looking for a property with 190 acres,,,,,,190,,,,,
Seeking properties between 1,,700000,,,,,1700000,1600000,,,
Restaurant for sale with asking price of $1,,,,,,,,1800000,,,
Looking for a commercial property with cap rate above 23%,property,,,,,,,23,,,
Office space with minimum 8,,,,,,8500,,,,,
Searching for a warehouse with 1,,,,1800000,,,,,,,
Residential property with asking price between $1,,000000,,,,,,2000000,1900000,,
Gas station for sale with cap rate above 36%,Gas station,,,,,,,36,,,
Looking for a hotel with 4,,,,,,,,,,,
Searching for a farm with asking price under $9,,,,9000000,9000000,,,,,,
Medical office building with cap rate between 35% and 39%,building,,,,,,,35,39,,
Industrial property for sale with at least 13,,,,,,13500000,,,,,
Searching for an office space with 170000 sq ft or more,space,,,,170000,,,,,,
Residential property with asking price under $6,,,,,,,6400000,,,,
Looking for a car wash with acreage between 2 and 85 acres,car wash,85,2,,,,,,,,
Gas station for sale with cap rate above 37%,Gas station,,,,,,,37,,,
Looking for a hotel with 4,,,,,,,,,,,
Searching for a farm with asking price under $9,,,,,,,,9500000,,,
Medical office building with cap rate between 36% and 40%,building,,,,,,,36,40,,
Industrial property for sale with at least 14,,,,,,14000000,,,,,
Searching for an office space with 175,,,,,,175000,,,,,
Residential property with asking price under $6,,,,,,,6600000,,,,
Looking for a property with 210 acres,,,,,,210,,,,,
Seeking properties between 1,,800000,,,,,1800000,1700000,,,
Restaurant for sale with asking price of $1,,,,,,,,1900000,,,
Looking for a commercial property with cap rate above 24%,property,,,,,,,24,,,
Office space with minimum 9,,,,,,9000,,,,,
Searching for a warehouse with 1,,,,1900000,,,,,,,
Residential property with asking price between $2,,100000,,,,,,2100000,2000000,,
Gas station for sale with cap rate above 38%,Gas station,,,,,,,38,,,
Looking for a hotel with 4,,,,,,,,,,,
Searching for a farm with asking price under $10000000,farm,,10000000,10000000,,,,,,,
Medical office building with cap rate between 37% and 41%,building,,,,,,,37,41,,
Industrial property for sale with at least 14,,,,,,14500000,,,,,
Searching for an office space with 180000 sq ft or more,space,,,,180000,,,,,,
Residential property with asking price under $6,,,,,,,6800000,,,,
Looking for a car wash with acreage between 2 and 90 acres,car wash,90,2,,,,,,,,
Gas station for sale with cap rate above 39%,Gas station,,,,,,,39,,,
Looking for a hotel with 4,,,,,,,,,,,
Searching for a farm with asking price under $11,,,,,,,,11000000,,,
Medical office building with cap rate between 38% and 42%,building,,,,,,,38,42,,
Industrial property for sale with at least 15,,,,,,15000000,,,,,
Searching for an office space with 185,,,,,,185000,,,,,
Residential property with asking price under $7,,,,,,,7000000,,,,
Looking for a property with 230 acres,,,,,,230,,,,,
Seeking properties between 1,,900000,,,,,1900000,1800000,,,
Restaurant for sale with asking price of $2,,,,,,,,2000000,,,
Looking for a commercial property with cap rate above 25%,property,,,,,,,25,,,
Office space with minimum 9,,,,,,9500,,,,,
Searching for a warehouse with 2,,,,2000000,,,,,,,
Residential property with asking price between $2,,200000,,,,,,2200000,2100000,,
Gas station for sale with cap rate above 40%,Gas station,,,,,,,40,,,
Looking for a hotel with 4,,,,,,,,,,,
Searching for a farm with asking price under $12,,,,12000000,12000000,,,,,,
Medical office building with cap rate between 39% and 43%,building,,,,,,,39,43,,
Industrial property for sale with at least 15,,,,,,15500000,,,,,
Searching for an office space with 190000 sq ft or more,space,,,,190000,,,,,,
Residential property with asking price under $7,,,,,,,7200000,,,,
Looking for a car wash with acreage between 2 and 95 acres,car wash,95,2,,,,,,,,
Gas station for sale with cap rate above 41%,Gas station,,,,,,,41,,,
Looking for a hotel with 5,,,,,,,,,,,
Searching for a farm with asking price under $13,,,,,,,,13000000,,,
Medical office building with cap rate between 40% and 44%,building,,,,,,,40,44,,
Industrial property for sale with at least 16,,,,,,16000000,,,,,
Searching for an office space with 195,,,,,,195000,,,,,
Residential property with asking price under $7,,,,,,,7400000,,,,
Looking for a property with 250 acres,,,,,,250,,,,,
Seeking properties between 1,,000000,,,,,2000000,1900000,,,
Restaurant for sale with asking price of $2,,,,,,,,2100000,,,
Looking for a commercial property with cap rate above 26%,property,,,,,,,26,,,
Office space with minimum 10000 sq ft,office,,,,10000,,,,,,
Searching for a warehouse with 2,,,,2100000,,,,,,,
Residential property with asking price between $2,,300000,,,,,,2300000,2200000,,
Gas station for sale with cap rate above 42%,Gas station,,,,,,,42,,,
Looking for a hotel with 5,,,,,,,,,,,
Searching for a farm with asking price under $14,,,,14000000,14000000,,,,,,
Medical office building with cap rate between 41% and 45%,building,,,,,,,41,45,,
Industrial property for sale with at least 16,,,,,,16500000,,,,,
Searching for an office space with 200000 sq ft or more,space,,,,200000,,,,,,
Residential property with asking price under $7,,,,,,,7600000,,,,
Looking for a car wash with acreage between 2 and 100 acres,car wash,100,2,,,,,,,,
Gas station for sale with cap rate above 43%,Gas station,,,,,,,43,,,
Looking for a hotel with 5,,,,,,,,,,,
Searching for a farm with asking price under $15,,,,,,,,15000000,,,
Medical office building with cap rate between 42% and 46%,building,,,,,,,42,46,,
Industrial property for sale with at least 17,,,,,,17000000,,,,,
Searching for an office space with 205,,,,,,205000,,,,,
Residential property with asking price under $7,,,,,,,7800000,,,,
Looking for a property with 270 acres,,,,,,270,,,,,
Seeking properties between 2,,100000,,,,,2100000,2000000,,,
Restaurant for sale with asking price of $2,,,,,,,,2200000,,,
Looking for a commercial property with cap rate above 27%,property,,,,,,,27,,,
Office space with minimum 10,,,,,,10500,,,,,
Searching for a warehouse with 2,,,,2200000,,,,,,,
Residential property with asking price between $2,,400000,,,,,,2400000,2300000,,
Gas station for sale with cap rate above 44%,Gas station,,,,,,,44,,,
Looking for a hotel with 5,,,,,,,,,,,
Searching for a farm with asking price under $16,,,,16000000,16000000,,,,,,
Medical office building with cap rate between 43% and 47%,building,,,,,,,43,47,,
Industrial property for sale with at least 17,,,,,,17500000,,,,,
Searching for an office space with 210000 sq ft or more,space,,,,210000,,,,,,
Residential property with asking price under $8,,,,,,,8000000,,,,
Looking for a car wash with acreage between 2 and 105 acres,car wash,105,2,,,,,,,,
Gas station for sale with cap rate above 45%,Gas station,,,,,,,45,,,
Looking for a hotel with 5,,,,,,,,,,,
Searching for a farm with asking price under $17,,,,,,,,17000000,,,
Medical office building with cap rate between 44% and 48%,building,,,,,,,44,48,,
Industrial property for sale with at least 18,,,,,,18000000,,,,,
Searching for an office space with 215,,,,,,215000,,,,,
Residential property with asking price under $8,,,,,,,8200000,,,,
Looking for a property with 290 acres,,,,,,290,,,,,
Seeking properties between 2,,200000,,,,,2200000,2100000,,,
Restaurant for sale with asking price of $2,,,,,,,,2300000,,,
Looking for a commercial property with cap rate above 28%,property,,,,,,,28,,,
Office space with minimum 11,,,,,,11000,,,,,
Searching for a warehouse with 2,,,,2300000,,,,,,,
Residential property with asking price between $2,,500000,,,,,,2500000,2400000,,
Gas station for sale with cap rate above 46%,Gas station,,,,,,,46,,,
Looking for a hotel with 6,,,,,,,,,,,
Searching for a farm with asking price under $18,,,,18000000,18000000,,,,,,
Medical office building with cap rate between 45% and 49%,building,,,,,,,45,49,,
Industrial property for sale with at least 18,,,,,,18500000,,,,,
Searching for an office space with 220000 sq ft or more,space,,,,220000,,,,,,
Residential property with asking price under $8,,,,,,,8400000,,,,
Looking for a car wash with acreage between 2 and 110 acres,car wash,110,2,,,,,,,,
Gas station for sale with cap rate above 47%,Gas station,,,,,,,47,,,
Looking for a hotel with 6,,,,,,,,,,,
Searching for a farm with asking price under $19,,,,,,,,19000000,,,
Medical office building with cap rate between 46% and 50%,building,,,,,,,46,50,,
Industrial property for sale with at least 19,,,,,,19000000,,,,,
Searching for an office space with 225,,,,,,225000,,,,,
Residential property with asking price under $8,,,,,,,8600000,,,,
Looking for a property with 310 acres,,,,,,310,,,,,
Seeking properties between 2,,300000,,,,,2300000,2200000,,,
Restaurant for sale with asking price of $2,,,,,,,,2400000,,,
Looking for a commercial property with cap rate above 29%,property,,,,,,,29,,,
Office space with minimum 11,,,,,,11500,,,,,
Searching for a warehouse with 2,,,,2400000,,,,,,,
Residential property with asking price between $2,,600000,,,,,,2600000,2500000,,
Gas station for sale with cap rate above 48%,Gas station,,,,,,,48,,,
Looking for a hotel with 6,,,,,,,,,,,
Searching for a farm with asking price under $20000000,farm,,20000000,20000000,,,,,,,
Medical office building with cap rate between 47% and 51%,building,,,,,,,47,51,,
Industrial property for sale with at least 19,,,,,,19500000,,,,,
Searching for an office space with 230000 sq ft or more,space,,,,230000,,,,,,
Residential property with asking price under $8,,,,,,,8800000,,,,
Looking for a car wash with acreage between 2 and 115 acres,car wash,115,2,,,,,,,,
Gas station for sale with cap rate above 49%,Gas station,,,,,,,49,,,
Looking for a hotel with 6,,,,,,,,,,,
Searching for a farm with asking price under $21,,,,,,,,21000000,,,
Medical office building with cap rate between 48% and 52%,building,,,,,,,48,52,,
Industrial property for sale with at least 20000000 sq ft,property,,,,20000000,,,,,,
Searching for an office space with 235,,,,,,235000,,,,,
Residential property with asking price under $9,,,,,,,9000000,,,,
Looking for a property with 330 acres,,,,,,330,,,,,
Seeking properties between 2,,400000,,,,,2400000,2300000,,,
Restaurant for sale with asking price of $2,,,,,,,,2500000,,,
Looking for a commercial property with cap rate above 30%,property,,,,,,,30,,,
Office space with minimum 12,,,,,,12000,,,,,
Searching for a warehouse with 2,,,,2500000,,,,,,,
Residential property with asking price between $2,,700000,,,,,,2700000,2600000,,
Gas station for sale with cap rate above 50%,Gas station,,,,,,,50,,,
Looking for a hotel with 6,,,,,,,,,,,
Searching for a farm with asking price under $22,,,,22000000,22000000,,,,,,
Medical office building with cap rate between 49% and 53%,building,,,,,,,49,53,,
Industrial property for sale with at least 20,,,,,,20500000,,,,,
Searching for an office space with 240000 sq ft or more,space,,,,240000,,,,,,
Residential property with asking price under $9,,,,,,,9200000,,,,
Looking for a car wash with acreage between 2 and 120 acres,car wash,120,2,,,,,,,,
Gas station for sale with cap rate above 51%,Gas station,,,,,,,51,,,
Looking for a hotel with 7,,,,,,,,,,,
Searching for a farm with asking price under $23,,,,,,,,23000000,,,
Medical office building with cap rate between 50% and 54%,building,,,,,,,50,54,,
Industrial property for sale with at least 21,,,,,,21000000,,,,,
Searching for an office space with 245,,,,,,245000,,,,,
Residential property with asking price under $9,,,,,,,9400000,,,,
Looking for a property with 350 acres,,,,,,350,,,,,
Seeking properties between 2,,500000,,,,,2500000,2400000,,,
Restaurant for sale with asking price of $2,,,,,,,,2600000,,,
Looking for a commercial property with cap rate above 31%,property,,,,,,,31,,,
Office space with minimum 12,,,,,,12500,,,,,
Searching for a warehouse with 2,,,,2600000,,,,,,,
Residential property with asking price between $2,,800000,,,,,,2800000,2700000,,
Gas station for sale with cap rate above 52%,Gas station,,,,,,,52,,,
Looking for a hotel with 7,,,,,,,,,,,
Searching for a farm with asking price under $24,,,,24000000,24000000,,,,,,
Medical office building with cap rate between 51% and 55%,building,,,,,,,51,55,,
Industrial property for sale with at least 21,,,,,,21500000,,,,,
Searching for an office space with 250000 sq ft or more,space,,,,250000,,,,,,
Residential property with asking price under $9,,,,,,,9600000,,,,
Looking for a car wash with acreage between 2 and 125 acres,car wash,125,2,,,,,,,,
Gas station for sale with cap rate above 53%,Gas station,,,,,,,53,,,
Looking for a hotel with 7,,,,,,,,,,,
Searching for a farm with asking price under $25,,,,,,,,25000000,,,
Medical office building with cap rate between 52% and 56%,building,,,,,,,52,56,,
Industrial property for sale with at least 22,,,,,,22000000,,,,,
Searching for an office space with 255,,,,,,255000,,,,,
Residential property with asking price under $9,,,,,,,9800000,,,,
Looking for a property with 370 acres,,,,,,370,,,,,
Seeking properties between 2,,600000,,,,,2600000,2500000,,,
Restaurant for sale with asking price of $2,,,,,,,,2800000,,,
Looking for a commercial property with cap rate above 32%,property,,,,,,,32,,,
Office space with minimum 13,,,,,,13000,,,,,
Searching for a warehouse with 2,,,,2700000,,,,,,,
Residential property with asking price between $2,,000000,,,,,,3000000,2900000,,
Gas station for sale with cap rate above 54%,Gas station,,,,,,,54,,,
Looking for a hotel with 7,,,,,,,,,,,
Searching for a farm with asking price under $26,,,,26000000,26000000,,,,,,
Medical office building with cap rate between 53% and 57%,building,,,,,,,53,57,,
Industrial property for sale with at least 22,,,,,,22500000,,,,,
Searching for an office space with 260000 sq ft or more,space,,,,260000,,,,,,
Residential property with asking price under $10000000,property,,,,,10000000,,,,,
Looking for a car wash with acreage between 2 and 130 acres,car wash,130,2,,,,,,,,
Gas station for sale with cap rate above 55%,Gas station,,,,,,,55,,,
Looking for a hotel with 7,,,,,,,,,,,
Searching for a farm with asking price under $27,,,,,,,,27000000,,,
Medical office building with cap rate between 54% and 58%,building,,,,,,,54,58,,
Industrial property for sale with at least 23,,,,,,23000000,,,,,
Searching for an office space with 265,,,,,,265000,,,,,
Residential property with asking price under $10,,,,,,,10200000,,,,
Looking for a property with 390 acres,,,,,,390,,,,,
Seeking properties between 2,,700000,,,,,2700000,2600000,,,
Restaurant for sale with asking price of $2,,,,,,,,2900000,,,
Looking for a commercial property with cap rate above 33%,property,,,,,,,33,,,
Office space with minimum 13,,,,,,13500,,,,,
Searching for a warehouse with 2,,,,2800000,,,,,,,
Residential property with asking price between $3,,100000,,,,,,3100000,3000000,,
Gas station for sale with cap rate above 56%,Gas station,,,,,,,56,,,
Looking for a hotel with 8,,,,,,,,,,,
Searching for a farm with asking price under $28,,,,28000000,28000000,,,,,,
Medical office building with cap rate between 55% and 59%,building,,,,,,,55,59,,
Industrial property for sale with at least 23,,,,,,23500000,,,,,
Searching for an office space with 270000 sq ft or more,space,,,,270000,,,,,,
Residential property with asking price under $10,,,,,,,10400000,,,,
Looking for a car wash with acreage between 2 and 135 acres,car wash,135,2,,,,,,,,
Gas station for sale with cap rate above 57%,Gas station,,,,,,,57,,,
Looking for a hotel with 8,,,,,,,,,,,
Searching for a farm with asking price under $29,,,,,,,,29000000,,,
Medical office building with cap rate between 56% and 60%,building,,,,,,,56,60,,
Industrial property for sale with at least 24,,,,,,24000000,,,,,
Searching for an office space with 275,,,,,,275000,,,,,
Residential property with asking price under $10,,,,,,,10600000,,,,
Looking for a property with 410 acres,,,,,,410,,,,,
Seeking properties between 2,,800000,,,,,2800000,2700000,,,
Restaurant for sale with asking price of $3,,,,,,,,3000000,,,
Looking for a commercial property with cap rate above 34%,property,,,,,,,34,,,
Office space with minimum 14,,,,,,14000,,,,,
Searching for a warehouse with 2,,,,2900000,,,,,,,
Residential property with asking price between $3,,200000,,,,,,3200000,3100000,,
Gas station for sale with cap rate above 58%,Gas station,,,,,,,58,,,
Looking for a hotel with 8,,,,,,,,,,,
Searching for a farm with asking price under $30000000,farm,,30000000,30000000,,,,,,,
Medical office building with cap rate between 57% and 61%,building,,,,,,,57,61,,
Industrial property for sale with at least 24,,,,,,24500000,,,,,
Searching for an office space with 280000 sq ft or more,space,,,,280000,,,,,,
Residential property with asking price under $10,,,,,,,10800000,,,,
Looking for a car wash with acreage between 2 and 140 acres,car wash,140,2,,,,,,,,
Gas station for sale with cap rate above 59%,Gas station,,,,,,,59,,,
Looking for a hotel with 8,,,,,,,,,,,
Searching for a farm with asking price under $31,,,,,,,,31000000,,,
Medical office building with cap rate between 58% and 62%,building,,,,,,,58,62,,
Industrial property for sale with at least 25,,,,,,25000000,,,,,
Searching for an office space with 285,,,,,,285000,,,,,
Residential property with asking price under $11,,,,,,,11000000,,,,
Looking for a property with 430 acres,,,,,,430,,,,,
Seeking properties between 2,,900000,,,,,2900000,2800000,,,
Restaurant for sale with asking price of $3,,,,,,,,3100000,,,
Looking for a commercial property with cap rate above 35%,property,,,,,,,35,,,
Office space with minimum 14,,,,,,14500,,,,,
Searching for a warehouse with 3,,,,3000000,,,,,,,
Residential property with asking price between $3,,300000,,,,,,3300000,3200000,,
Gas station for sale with cap rate above 60%,Gas station,,,,,,,60,,,
Looking for a hotel with 8,,,,,,,,,,,
Searching for a farm with asking price under $32,,,,32000000,32000000,,,,,,
Medical office building with cap rate between 59% and 63%,building,,,,,,,59,63,,
Industrial property for sale with at least 25,,,,,,25500000,,,,,
Searching for an office space with 290000 sq ft or more,space,,,,290000,,,,,,
Residential property with asking price under $11,,,,,,,11200000,,,,
Looking for a car wash with acreage between 2 and 145 acres,car wash,145,2,,,,,,,,
Gas station for sale with cap rate above 61%,Gas station,,,,,,,61,,,
Looking for a hotel with 9,,,,,,,,,,,
Searching for a farm with asking price under $33,,,,,,,,33000000,,,
Medical office building with cap rate between 60% and 64%,building,,,,,,,60,64,,
Industrial property for sale with at least 26,,,,,,26000000,,,,,
Searching for an office space with 295,,,,,,295000,,,,,
Residential property with asking price under $11,,,,,,,11400000,,,,
Looking for a property with 450 acres,,,,,,450,,,,,
Seeking properties between 2,,000000,,,,,3000000,2900000,,,
Restaurant for sale with asking price of $3,,,,,,,,3300000,,,
Looking for a commercial property with cap rate above 36%,property,,,,,,,36,,,
Office space with minimum 15,,,,,,15000,,,,,
Searching for a warehouse with 3,,,,3100000,,,,,,,
Residential property with asking price between $3,,400000,,,,,,3400000,3300000,,
Gas station for sale with cap rate above 62%,Gas station,,,,,,,62,,,
Looking for a hotel with 9,,,,,,,,,,,
Searching for a farm with asking price under $34,,,,34000000,34000000,,,,,,
Medical office building with cap rate between 61% and 65%,building,,,,,,,61,65,,
Industrial property for sale with at least 26,,,,,,26500000,,,,,
Searching for an office space with 300000 sq ft or more,space,,,,300000,,,,,,
Residential property with asking price under $11,,,,,,,11600000,,,,
Looking for a car wash with acreage between 2 and 150 acres,car wash,150,2,,,,,,,,
Gas station for sale with cap rate above 63%,Gas station,,,,,,,63,,,
Looking for a hotel with 9,,,,,,,,,,,
Searching for a farm with asking price under $35,,,,,,,,35000000,,,
Medical office building with cap rate between 62% and 66%,building,,,,,,,62,66,,
Industrial property for sale with at least 27,,,,,,27000000,,,,,
Searching for an office space with 305,,,,,,305000,,,,,
Residential property with asking price under $11,,,,,,,11800000,,,,
Looking for a property with 470 acres,,,,,,470,,,,,
Seeking properties between 3,,100000,,,,,3100000,3000000,,,
Restaurant for sale with asking price of $3,,,,,,,,3400000,,,
Looking for a commercial property with cap rate above 37%,property,,,,,,,37,,,
Office space with minimum 15,,,,,,15500,,,,,
Searching for a warehouse with 3,,,,3200000,,,,,,,
Residential property with asking price between $3,,500000,,,,,,3500000,3400000,,
Gas station for sale with cap rate above 64%,Gas station,,,,,,,64,,,
Looking for a hotel with 9,,,,,,,,,,,
Searching for a farm with asking price under $36,,,,36000000,36000000,,,,,,
Medical office building with cap rate between 63% and 67%,building,,,,,,,63,67,,
Industrial property for sale with at least 27,,,,,,27500000,,,,,
Searching for an office space with 310000 sq ft or more,space,,,,310000,,,,,,
Residential property with asking price under $12,,,,,,,12000000,,,,
Looking for a car wash with acreage between 2 and 155 acres,car wash,155,2,,,,,,,,
Gas station for sale with cap rate above 65%,Gas station,,,,,,,65,,,
Looking for a hotel with 10000 or more rooms,hotel,,,,,,,,,,10000
Searching for a farm with asking price under $37,,,,,,,,37000000,,,
Medical office building with cap rate between 64% and 68%,building,,,,,,,64,68,,
Industrial property for sale with at least 28,,,,,,28000000,,,,,
Searching for an office space with 315,,,,,,315000,,,,,
Residential property with asking price under $12,,,,,,,12200000,,,,
Looking for a property with 490 acres,,,,,,490,,,,,
Seeking properties between 3,,200000,,,,,3200000,3100000,,,
Restaurant for sale with asking price of $3,,,,,,,,3500000,,,
Looking for a commercial property with cap rate above 38%,property,,,,,,,38,,,
Office space with minimum 16,,,,,,16000,,,,,
Searching for a warehouse with 3,,,,3300000,,,,,,,
Residential property with asking price between $3,,600000,,,,,,3600000,3500000,,
Gas station for sale with cap rate above 66%,Gas station,,,,,,,66,,,
Looking for a hotel with 10,,,,,,,,,,,
Searching for a farm with asking price under $38,,,,38000000,38000000,,,,,,
Medical office building with cap rate between 65% and 69%,building,,,,,,,65,69,,
Industrial property for sale with at least 28,,,,,,28500000,,,,,
Searching for an office space with 320000 sq ft or more,space,,,,320000,,,,,,
Residential property with asking price under $12,,,,,,,12400000,,,,
Looking for a car wash with acreage between 2 and 160 acres,car wash,160,2,,,,,,,,
Gas station for sale with cap rate above 67%,Gas station,,,,,,,67,,,
Looking for a hotel with 10,,,,,,,,,,,
Searching for a farm with asking price under $39,,,,,,,,39000000,,,
Medical office building with cap rate between 66% and 70%,building,,,,,,,66,70,,
Industrial property for sale with at least 29,,,,,,29000000,,,,,
Searching for an office space with 325,,,,,,325000,,,,,
Residential property with asking price under $12,,,,,,,12600000,,,,
Looking for a property with 510 acres,,,,,,510,,,,,
Seeking properties between 3,,300000,,,,,3300000,3200000,,,
Restaurant for sale with asking price of $3,,,,,,,,3600000,,,
Looking for a commercial property with cap rate above 39%,property,,,,,,,39,,,
Office space with minimum 16,,,,,,16500,,,,,
Searching for a warehouse with 3,,,,3400000,,,,,,,
Residential property with asking price between $3,,700000,,,,,,3700000,3600000,,
Gas station for sale with cap rate above 68%,Gas station,,,,,,,68,,,
Looking for a hotel with 10,,,,,,,,,,,
Searching for a farm with asking price under $40000000,farm,,40000000,40000000,,,,,,,
Medical office building with cap rate between 67% and 71%,building,,,,,,,67,71,,
Industrial property for sale with at least 29,,,,,,29500000,,,,,
Searching for an office space with 330000 sq ft or more,space,,,,330000,,,,,,
Residential property with asking price under $12,,,,,,,12800000,,,,
Looking for a car wash with acreage between 2 and 165 acres,car wash,165,2,,,,,,,,
Gas station for sale with cap rate above 69%,Gas station,,,,,,,69,,,
Looking for a hotel with 10,,,,,,,,,,,
Searching for a farm with asking price under $41,,,,,,,,41000000,,,
Medical office building with cap rate between 68% and 72%,building,,,,,,,68,72,,
Industrial property for sale with at least 30000000 sq ft,property,,,,30000000,,,,,,
Searching for an office space with 335,,,,,,335000,,,,,
Residential property with asking price under $13,,,,,,,13000000,,,,
Looking for a property with 530 acres,,,,,,530,,,,,
Seeking properties between 3,,400000,,,,,3400000,3300000,,,
Restaurant for sale with asking price of $3,,,,,,,,3700000,,,
Looking for a commercial property with cap rate above 40%,property,,,,,,,40,,,
Office space with minimum 17,,,,,,17000,,,,,
Searching for a warehouse with 3,,,,3500000,,,,,,,
Residential property with asking price between $3,,800000,,,,,,3800000,3700000,,
Gas station for sale with cap rate above 70%,Gas station,,,,,,,70,,,
Looking for a hotel with 11,,,,,,,,,,,
Searching for a farm with asking price under $42,,,,42000000,42000000,,,,,,
Medical office building with cap rate between 69% and 73%,building,,,,,,,69,73,,
Industrial property for sale with at least 30,,,,,,30500000,,,,,
Searching for an office space with 340000 sq ft or more,space,,,,340000,,,,,,
Residential property with asking price under $13,,,,,,,13200000,,,,
Looking for a car wash with acreage between 2 and 170 acres,car wash,170,2,,,,,,,,
Gas station for sale with cap rate above 71%,Gas station,,,,,,,71,,,
Looking for a hotel with 11,,,,,,,,,,,
Searching for a farm with asking price under $43,,,,,,,,43000000,,,
Medical office building with cap rate between 70% and 74%,building,,,,,,,70,74,,
Industrial property for sale with at least 31,,,,,,31000000,,,,,
Searching for an office space with 345,,,,,,345000,,,,,
Residential property with asking price under $13,,,,,,,13400000,,,,
Looking for a property with 550 acres,,,,,,550,,,,,
Seeking properties between 3,,500000,,,,,3500000,3400000,,,
Restaurant for sale with asking price of $3,,,,,,,,3800000,,,
Looking for a commercial property with cap rate above 41%,property,,,,,,,41,,,
Office space with minimum 17,,,,,,17500,,,,,
Searching for a warehouse with 3,,,,3600000,,,,,,,
Residential property with asking price between $3,,900000,,,,,,3900000,3800000,,
Gas station for sale with cap rate above 72%,Gas station,,,,,,,72,,,
Looking for a hotel with 11,,,,,,,,,,,
Searching for a farm with asking price under $44,,,,44000000,44000000,,,,,,
Medical office building with cap rate between 71% and 75%,building,,,,,,,71,75,,
Industrial property for sale with at least 31,,,,,,31500000,,,,,
Searching for an office space with 350000 sq ft or more,space,,,,350000,,,,,,
Residential property with asking price under $13,,,,,,,13600000,,,,
Looking for a car wash with acreage between 2 and 175 acres,car wash,175,2,,,,,,,,
Gas station for sale with cap rate above 73%,Gas station,,,,,,,73,,,
Looking for a hotel with 11,,,,,,,,,,,
Searching for a farm with asking price under $45,,,,,,,,45000000,,,
Medical office building with cap rate between 72% and 76%,building,,,,,,,72,76,,
Industrial property for sale with,,,,3600000,3500000,,,,,,
Looking for a commercial property with cap rate above 42%,property,,,,,,,42,,,
Office space with minimum 18,,,,,,18000,,,,,
Searching for a warehouse with 3,,,,3700000,,,,,,,
Residential property with asking price between $3,,000000,,,,,,4000000,3900000,,
Gas station for sale with cap rate above 74%,Gas station,,,,,,,74,,,
Looking for a hotel with 11,,,,,,,,,,,
Searching for a farm with asking price under $46,,,,46000000,46000000,,,,,,
Medical office building with cap rate between 73% and 77%,building,,,,,,,73,77,,
Industrial property for sale with at least 32,,,,,,32500000,,,,,
Searching for an office space with 360000 sq ft or more,space,,,,360000,,,,,,
Residential property with asking price under $14,,,,,,,14000000,,,,
Looking for a car wash with acreage between 2 and 180 acres,car wash,180,2,,,,,,,,
Gas station for sale with cap rate above 75%,Gas station,,,,,,,75,,,
Looking for a hotel with 12,,,,,,,,,,,
Searching for a farm with asking price under $47,,,,,,,,47000000,,,
Medical office building with cap rate between 74% and 78%,building,,,,,,,74,78,,
Industrial property for sale with at least 33,,,,,,33000000,,,,,
Searching for an office space with 365,,,,,,365000,,,,,
Residential property with asking price under $14,,,,,,,14200000,,,,
Looking for a property with 590 acres,,,,,,590,,,,,
Seeking properties between 3,,700000,,,,,3700000,3600000,,,
Restaurant for sale with asking price of $4,,,,,,,,4000000,,,
Looking for a commercial property with cap rate above 43%,property,,,,,,,43,,,
Office space with minimum 18,,,,,,18500,,,,,
Searching for a warehouse with 3,,,,3800000,,,,,,,
Residential property with asking price between $4,,100000,,,,,,4100000,4000000,,
Gas station for sale with cap rate above 76%,Gas station,,,,,,,76,,,
Looking for a hotel with 12,,,,,,,,,,,
Searching for a farm with asking price under $48,,,,48000000,48000000,,,,,,
Medical office building with cap rate between 75% and 79%,building,,,,,,,75,79,,
Industrial property for sale with at least 33,,,,,,33500000,,,,,
Searching for an office space with 370000 sq ft or more,space,,,,370000,,,,,,
Residential property with asking price under $14,,,,,,,14400000,,,,
Looking for a car wash with acreage between 2 and 185 acres,car wash,185,2,,,,,,,,
Gas station for sale with cap rate above 77%,Gas station,,,,,,,77,,,
Looking for a hotel with 12,,,,,,,,,,,
Searching for a farm with asking price under $49,,,,,,,,49000000,,,
Medical office building with cap rate between 76% and 80%,building,,,,,,,76,80,,
Industrial property for sale with at least 34,,,,,,34000000,,,,,
Searching for an office space with 375,,,,,,375000,,,,,
Residential property with asking price under $14,,,,,,,14600000,,,,
Looking for a property with 610 acres,,,,,,610,,,,,
Seeking properties between 3,,800000,,,,,3800000,3700000,,,
Restaurant for sale with asking price of $4,,,,,,,,4100000,,,
Looking for a commercial property with cap rate above 44%,property,,,,,,,44,,,
Office space with minimum 19,,,,,,19000,,,,,
