Text,Keyword,AcreageMax,AcreageMin,SqFtMax,SqFtMin,AskingPriceMax,AskingPriceMin,CapRateMin,CapRateMax,OccupancyMax,OccupancyMin,IsInOpportunityZone,,,,,,,,,,,,
Restaurant for sale with asking price of $150000,Restaurant,,,,,,150000,,,,,,,,,,,,,,,,,
Looking for a commercial property with cap rate above 6%,property,,,,,,,6,,,,,,,,,,,,,,,,
Industrial property,industrial,,,,,,,,,,,,,,,,,,,,,,,
Office space with minimum 500 sq ft,office,,,,500,,,,,,,,,,,,,,,,,,,
Vacant land for sale in opportunity zone,land,,,,,,,,,,,true,,,,,,,,,,,,
Searching for a warehouse with 100000 sq ft or more,warehouse,,100000,,,,,,,,,,,,,,,,,,,,,
Residential property with asking price between $200000 and $300000,residential,,,,,300000,200000,,,,,,,,,,,,,,,,,
Looking for a car wash with acreage between 5 and 10 acres,car wash,10,5,,,,,,,,,,,,,,,,,,,,,
Gas station for sale with cap rate above 7%,Gas station,,,,,,,7,,,,,,,,,,,,,,,,
Looking for a hotel with 200 or more rooms,hotel,,,,,,,,,,,,,,,,,,,,,,,
Searching for a farm with asking price under $500000,farm,,500000,500000,,,,,,,,,,,,,,,,,,,,
Medical office building with cap rate between 5% and 8%,building,,,,,,,5,8,,,,,,,,,,,,,,,
Looking for a QSR/fast food restaurant,QSR/fast food,,,,,,,,,,,,,,,,,,,,,,,
Industrial property for sale with at least 100000 sq ft,industrial,,,,100000,,,,,,,,,,,,,,,,,,,
Searching for an office space with 5,000 sq ft or more,space,,,,5000,,,,,,,,,,,,,,,,,,
Residential property with asking price under $200000,property,,,,,200000,,,,,,,,,,,,,,,,,,
Looking for a car wash with acreage between 1 and 5 acres,car wash,2,1,,,,,,,,,,,,,,,,,,,,,
Gas station for sale with cap rate above 6%,Gas station,,,,,,,6,,,,,,,,,,,,,,,,
Looking for a hotel with 100 or more rooms,hotel,,,,,,,,,,100,,,,,,,,,,,,,
Searching for a farm with asking price under $300000,farm,,,,,,300000,,,,,,,,,,,,,,,,,
Medical office building with cap rate between 6% and 9%,building,,,,,,,6,9,,,,,,,,,,,,,,,
Industrial property for sale with at least 200000 sq ft,property,,,,200000,,,,,,,,,,,,,,,,,,,
Commercial property,commercial,,,,,,,,,,,,,,,,,,,,,,,
Searching for an office space with 10000 sq ft or more,space,,,,10000,,,,,,,,,,,,,,,,,,,
Residential property with asking price under $250000,property,,,,,250000,,,,,,,,,,,,,,,,,,
Looking for a car wash with acreage between 5 and 10 acres,car wash,10,5,,,,,,,,,,,,,,,,,,,,,
Gas station for sale with cap rate above 8%,Gas station,,,,,,,8,,,,,,,,,,,,,,,,
Looking for a hotel with 150 or more rooms,hotel,,,,,,,,,,150,,,,,,,,,,,,,
Searching for a farm with asking price under $400000,farm,,,,,,400000,,,,,,,,,,,,,,,,,
Medical office building with cap rate between 7% and 10%,building,,,,,,,7,10,,,,,,,,,,,,,,,
Industrial property for sale with at least 300000 sq ft,property,,300000,,,,,,,,,,,,,,,,,,,,,
Searching for an office space with 7,500 sq ft or more,space,,7500,,,,,,,,,,,,,,,,,,,,
Residential property with asking price under $300000,property,,300000,300000,,,,,,,,,,,,,,,,,,,,
Looking for a car wash with acreage between 5 and 10 acres,car wash,,5,,10,,,,,,,,,,,,,,,,,,,
Gas station for sale with cap rate above 8%,Gas station,,,,,,,,8,,,,,,,,,,,,,,,
Looking for a hotel with 150 or more rooms,hotel,,,,,,,,,,150,,,,,,,,,,,,,
Searching for a farm with asking price under $400000,farm,,,,,400000,,,,,,,,,,,,,,,,,,
Medical office building with cap rate between 7% and 10%,medical,,,,,,,7,10,,,,,,,,,,,,,,,
Looking for a QSR/fast food restaurant,fast food,,,,,,,,,,,,,,,,,,,,,,,
Industrial property for sale with at least 300000 sq ft,industrial,,,,300000,,,,,,,,,,,,,,,,,,,
Searching for an office space with 7,500 sq ft or more,office,,,7500,,,,,,,,,,,,,,,,,,,
Residential property with asking price under $300000,residential,,,,,300000,,,,,,,,,,,,,,,,,,
Looking for a property with 10 acres,,,,,,10,,,,,,,,,,,,,,,,,,
Seeking properties between 50000 and 100000 sq ft,,,,,100000,50000,,,,,,,,,,,,,,,,,,
Restaurant for sale with asking price of $150000,Restaurant,,,,,,150000,,,,,,,,,,,,,,,,,
Looking for a commercial property with cap rate above 6%,property,,,,,,,6,,,,,,,,,,,,,,,,
Industrial property,industrial,,,,,,,,,,,,,,,,,,,,,,,
Office space with minimum 500 sq ft,office,,,,500,,,,,,,,,,,,,,,,,,,
Vacant land for sale in opportunity zone,land,,,,,,,,,,,true,,,,,,,,,,,,
Searching for a warehouse with 100000 sq ft or more,warehouse,,100000,,,,,,,,,,,,,,,,,,,,,
Residential property with asking price between $200000 and $300000,residential,,,,,300000,200000,,,,,,,,,,,,,,,,,
Looking for a car wash with acreage between 5 and 10 acres,car wash,10,5,,,,,,,,,,,,,,,,,,,,,
Gas station for sale with cap rate above 7%,Gas station,,,,,,,7,,,,,,,,,,,,,,,,
Looking for a hotel with 200 or more rooms,hotel,,,,,,,,,,,,,,,,,,,,,,,
Searching for a farm with asking price under $500000,farm,,500000,500000,,,,,,,,,,,,,,,,,,,,
Medical office building with cap rate between 5% and 8%,building,,,,,,,5,8,,,,,,,,,,,,,,,
Looking for a QSR/fast food restaurant,QSR/fast food,,,,,,,,,,,,,,,,,,,,,,,
Industrial property for sale with at least 100000 sq ft,industrial,,,,100000,,,,,,,,,,,,,,,,,,,
Searching for an office space with 5,000 sq ft or more,space,,,,5000,,,,,,,,,,,,,,,,,,
Residential property with asking price under $200000,property,,,,,200000,,,,,,,,,,,,,,,,,,
Looking for a car wash with acreage between 1 and 5 acres,car wash,2,1,,,,,,,,,,,,,,,,,,,,,
Gas station for sale with cap rate above 6%,Gas station,,,,,,,6,,,,,,,,,,,,,,,,
Looking for a hotel with 100 or more rooms,hotel,,,,,,,,,,100,,,,,,,,,,,,,
Searching for a farm with asking price under $300000,farm,,,,,,300000,,,,,,,,,,,,,,,,,
Medical office building with cap rate between 6% and 9%,building,,,,,,,6,9,,,,,,,,,,,,,,,
Industrial property for sale with at least 200000 sq ft,property,,,,200000,,,,,,,,,,,,,,,,,,,
Commercial property,commercial,,,,,,,,,,,,,,,,,,,,,,,
Searching for an office space with 10000 sq ft or more,space,,,,10000,,,,,,,,,,,,,,,,,,,
Residential property with asking price under $250000,property,,,,,250000,,,,,,,,,,,,,,,,,,
Looking for a car wash with acreage between 5 and 10 acres,car wash,10,5,,,,,,,,,,,,,,,,,,,,,
Gas station for sale with cap rate above 8%,Gas station,,,,,,,8,,,,,,,,,,,,,,,,
Looking for a hotel with 150 or more rooms,hotel,,,,,,,,,,150,,,,,,,,,,,,,
Searching for a farm with asking price under $400000,farm,,,,,,400000,,,,,,,,,,,,,,,,,
Medical office building with cap rate between 7% and 10%,building,,,,,,,7,10,,,,,,,,,,,,,,,
Industrial property for sale with at least 300000 sq ft,property,,300000,,,,,,,,,,,,,,,,,,,,,
Searching for an office space with 7,500 sq ft or more,space,,7500,,,,,,,,,,,,,,,,,,,,
Residential property with asking price under $300000,property,,300000,300000,,,,,,,,,,,,,,,,,,,,
Looking for a car wash with acreage between 5 and 10 acres,car wash,,5,,10,,,,,,,,,,,,,,,,,,,
Gas station for sale with cap rate above 8%,Gas station,,,,,,,,8,,,,,,,,,,,,,,,
Looking for a hotel with 150 or more rooms,hotel,,,,,,,,,,150,,,,,,,,,,,,,
Searching for a farm with asking price under $400000,farm,,,,,400000,,,,,,,,,,,,,,,,,,
Medical office building with cap rate between 7% and 10%,medical,,,,,,,7,10,,,,,,,,,,,,,,,
Looking for a QSR/fast food restaurant,fast food,,,,,,,,,,,,,,,,,,,,,,,
Industrial property for sale with at least 300000 sq ft,industrial,,,,300000,,,,,,,,,,,,,,,,,,,
Searching for an office space with 7,500 sq ft or more,office,,,7500,,,,,,,,,,,,,,,,,,,
Residential property with asking price under $300000,residential,,,,,300000,,,,,,,,,,,,,,,,,,
Looking for a property with 20 acres,,,,,,20,,,,,,,,,,,,,,,,,,
Seeking properties between 100000 and 200000 sq ft,,,,,200000,100000,,,,,,,,,,,,,,,,,,
Restaurant for sale with asking price of $250000,Restaurant,,,,,,250000,,,,,,,,,,,,,,,,,
Looking for a commercial property with cap rate above 7%,property,,,,,,,7,,,,,,,,,,,,,,,,
Industrial property,industrial,,,,,,,,,,,,,,,,,,,,,,,
Office space with minimum 800 sq ft,office,,,,800,,,,,,,,,,,,,,,,,,,
Vacant land for sale in opportunity zone,land,,,,,,,,,,,true,,,,,,,,,,,,
Searching for a warehouse with 200000 sq ft or more,warehouse,,200000,,,,,,,,,,,,,,,,,,,,,
Residential property with asking price between $300000 and $400000,residential,,,,,400000,300000,,,,,,,,,,,,,,,,,
Looking for a car wash with acreage between 5 and 10 acres,car wash,10,5,,,,,,,,,,,,,,,,,,,,,
Gas station for sale with cap rate above 8%,Gas station,,,,,,,8,,,,,,,,,,,,,,,,
Looking for a hotel with 300 or more rooms,hotel,,,,,,,,,,,,,,,,,,,,,,,
Searching for a farm with asking price under $600000,farm,,600000,600000,,,,,,,,,,,,,,,,,,,,
Medical office building with cap rate between 6% and 9%,building,,,,,,,6,9,,,,,,,,,,,,,,,
Industrial property for sale with at least 400000 sq ft,property,,,,400000,,,,,,,,,,,,,,,,,,,
Commercial property,commercial,,,,,,,,,,,,,,,,,,,,,,,
Searching for an office space with 15,000 sq ft or more,space,,,,15000,,,,,,,,,,,,,,,,,,
Residential property with asking price under $400000,property,,,,,400000,,,,,,,,,,,,,,,,,,
Looking for a car wash with acreage between 2 and 5 acres,car wash,5,2,,,,,,,,,,,,,,,,,,,,,
Gas station for sale with cap rate above 6%,Gas station,,,,,,,6,,,,,,,,,,,,,,,,
Looking for a hotel with 200 or more rooms,hotel,,,,,,,,,,200,,,,,,,,,,,,,
Searching for a farm with asking price under $500000,farm,,,,,,500000,,,,,,,,,,,,,,,,,
Medical office building with cap rate between 6% and 10%,building,,,,,,,6,10,,,,,,,,,,,,,,,
Industrial property for sale with at least 500000 sq ft,property,,,,500000,,,,,,,,,,,,,,,,,,,
Searching for an office space with 10000 sq ft or more,space,,,,10000,,,,,,,,,,,,,,,,,,,
Residential property with asking price under $300000,property,,,,,300000,,,,,,,,,,,,,,,,,,
Looking for a property with 10 acres,,,,,,10,,,,,,,,,,,,,,,,,,
Seeking properties between 50000 and 100000 sq ft,,,,,100000,50000,,,,,,,,,,,,,,,,,,
Restaurant for sale with asking price of $150000,Restaurant,,,,,,150000,,,,,,,,,,,,,,,,,
Looking for a commercial property with cap rate above 6%,property,,,,,,,6,,,,,,,,,,,,,,,,
Industrial property,industrial,,,,,,,,,,,,,,,,,,,,,,,
Office space with minimum 500 sq ft,office,,,,500,,,,,,,,,,,,,,,,,,,
Vacant land for sale in opportunity zone,land,,,,,,,,,,,true,,,,,,,,,,,,
Searching for a warehouse with 100000 sq ft or more,warehouse,,100000,,,,,,,,,,,,,,,,,,,,,
Residential property with asking price between $200000 and $300000,residential,,,,,300000,200000,,,,,,,,,,,,,,,,,
Looking for a car wash with acreage between 5 and 10 acres,car wash,10,5,,,,,,,,,,,,,,,,,,,,,
Gas station for sale with cap rate above 7%,Gas station,,,,,,,7,,,,,,,,,,,,,,,,
Looking for a hotel with 200 or more rooms,hotel,,,,,,,,,,,,,,,,,,,,,,,
Searching for a farm with asking price under $500000,farm,,500000,500000,,,,,,,,,,,,,,,,,,,,
Medical office building with cap rate between 5% and 8%,building,,,,,,,5,8,,,,,,,,,,,,,,,
Looking for a QSR/fast food restaurant,QSR/fast food,,,,,,,,,,,,,,,,,,,,,,,
Industrial property for sale with at least 100000 sq ft,industrial,,,,100000,,,,,,,,,,,,,,,,,,,
Searching for an office space with 5,000 sq ft or more,space,,,,5000,,,,,,,,,,,,,,,,,,
Residential property with asking price under $200000,property,,,,,200000,,,,,,,,,,,,,,,,,,
Looking for a car wash with acreage between 1 and 5 acres,car wash,2,1,,,,,,,,,,,,,,,,,,,,,
Gas station for sale with cap rate above 6%,Gas station,,,,,,,6,,,,,,,,,,,,,,,,
Looking for a hotel with 100 or more rooms,hotel,,,,,,,,,,100,,,,,,,,,,,,,
Searching for a farm with asking price under $300000,farm,,,,,,300000,,,,,,,,,,,,,,,,,
Medical office building with cap rate between 6% and 9%,building,,,,,,,6,9,,,,,,,,,,,,,,,
Industrial property for sale with at least 200000 sq ft,property,,,,200000,,,,,,,,,,,,,,,,,,,
Commercial property,commercial,,,,,,,,,,,,,,,,,,,,,,,
Searching for an office space with 10000 sq ft or more,space,,,,10000,,,,,,,,,,,,,,,,,,,
Residential property with asking price under $250000,property,,,,,250000,,,,,,,,,,,,,,,,,,
Looking for a car wash with acreage between 5 and 10 acres,car wash,10,5,,,,,,,,,,,,,,,,,,,,,
Gas station for sale with cap rate above 8%,Gas station,,,,,,,8,,,,,,,,,,,,,,,,
Looking for a hotel with 150 or more rooms,hotel,,,,,,,,,,150,,,,,,,,,,,,,
Searching for a farm with asking price under $400000,farm,,,,,,400000,,,,,,,,,,,,,,,,,
Medical office building with cap rate between 7% and 10%,building,,,,,,,7,10,,,,,,,,,,,,,,,
Industrial property for sale with at least 300000 sq ft,property,,300000,,,,,,,,,,,,,,,,,,,,,
Searching for an office space with 7,500 sq ft or more,space,,7500,,,,,,,,,,,,,,,,,,,,
Residential property with asking price under $300000,property,,300000,300000,,,,,,,,,,,,,,,,,,,,
Looking for a car wash with acreage between 5 and 10 acres,car wash,,5,,10,,,,,,,,,,,,,,,,,,,
Gas station for sale with cap rate above 8%,Gas station,,,,,,,,8,,,,,,,,,,,,,,,
Looking for a hotel with 150 or more rooms,hotel,,,,,,,,,,150,,,,,,,,,,,,,
Searching for a farm with asking price under $400000,farm,,,,,400000,,,,,,,,,,,,,,,,,,
Medical office building with cap rate between 7% and 10%,medical,,,,,,,7,10,,,,,,,,,,,,,,,
Looking for a QSR/fast food restaurant,fast food,,,,,,,,,,,,,,,,,,,,,,,
Industrial property for sale with at least 300000 sq ft,industrial,,,,300000,,,,,,,,,,,,,,,,,,,
Searching for an office space with 7,500 sq ft or more,office,,,7500,,,,,,,,,,,,,,,,,,,
Residential property with asking price under $300000,residential,,,,,300000,,,,,,,,,,,,,,,,,,
Looking for a property with 20 acres,,,,,,20,,,,,,,,,,,,,,,,,,
Seeking properties between 100000 and 200000 sq ft,,,,,200000,100000,,,,,,,,,,,,,,,,,,
Restaurant for sale with asking price of $250000,Restaurant,,,,,,250000,,,,,,,,,,,,,,,,,
Looking for a commercial property with cap rate above 7%,property,,,,,,,7,,,,,,,,,,,,,,,,
Industrial property,industrial,,,,,,,,,,,,,,,,,,,,,,,
Office space with minimum 800 sq ft,office,,,,800,,,,,,,,,,,,,,,,,,,
Vacant land for sale in opportunity zone,land,,,,,,,,,,,true,,,,,,,,,,,,
Searching for a warehouse with 200000 sq ft or more,warehouse,,200000,,,,,,,,,,,,,,,,,,,,,
Residential property with asking price between $300000 and $400000,residential,,,,,400000,300000,,,,,,,,,,,,,,,,,
Looking for a car wash with acreage between 5 and 10 acres,car wash,10,5,,,,,,,,,,,,,,,,,,,,,
Gas station for sale with cap rate above 8%,Gas station,,,,,,,8,,,,,,,,,,,,,,,,
Looking for a hotel with 300 or more rooms,hotel,,,,,,,,,,,,,,,,,,,,,,,
Searching for a farm with asking price under $600000,farm,,600000,600000,,,,,,,,,,,,,,,,,,,,
Medical office building with cap rate between 6% and 9%,building,,,,,,,6,9,,,,,,,,,,,,,,,
Industrial property for sale with at least 400000 sq ft,property,,,,400000,,,,,,,,,,,,,,,,,,,
Commercial property,commercial,,,,,,,,,,,,,,,,,,,,,,,
Searching for an office space with 15,000 sq ft or more,space,,,,15000,,,,,,,,,,,,,,,,,,
Residential property with asking price under $400000,property,,,,,400000,,,,,,,,,,,,,,,,,,
Looking for a car wash with acreage between 2 and 5 acres,car wash,5,2,,,,,,,,,,,,,,,,,,,,,
Gas station for sale with cap rate above 6%,Gas station,,,,,,,6,,,,,,,,,,,,,,,,
Looking for a hotel with 200 or more rooms,hotel,,,,,,,,,,200,,,,,,,,,,,,,
Searching for a farm with asking price under $500000,farm,,,,,,500000,,,,,,,,,,,,,,,,,
Medical office building with cap rate between 6% and 10%,building,,,,,,,6,10,,,,,,,,,,,,,,,
Industrial property for sale with at least 500000 sq ft,property,,,,500000,,,,,,,,,,,,,,,,,,,
Searching for an office space with 10000 sq ft or more,space,,,,10000,,,,,,,,,,,,,,,,,,,
Residential property with asking price under $300000,property,,,,,300000,,,,,,,,,,,,,,,,,,
Looking for a property with 30 acres,,,,,,30,,,,,,,,,,,,,,,,,,
Seeking properties between 150000 and 250000 sq ft,,,,,250000,150000,,,,,,,,,,,,,,,,,,
Restaurant for sale with asking price of $300000,Restaurant,,,,,,300000,,,,,,,,,,,,,,,,,
Looking for a commercial property with cap rate above 8%,property,,,,,,,8,,,,,,,,,,,,,,,,
Industrial property,industrial,,,,,,,,,,,,,,,,,,,,,,,
Office space with minimum 1,000 sq ft,office,,,,1000,,,,,,,,,,,,,,,,,,
Vacant land for sale in opportunity zone,land,,,,,,,,,,,true,,,,,,,,,,,,
Searching for a warehouse with 300000 sq ft or more,warehouse,,300000,,,,,,,,,,,,,,,,,,,,,
Residential property with asking price between $400000 and $500000,residential,,,,,500000,400000,,,,,,,,,,,,,,,,,
Looking for a car wash with acreage between 5 and 10 acres,car wash,10,5,,,,,,,,,,,,,,,,,,,,,
Gas station for sale with cap rate above 9%,Gas station,,,,,,,9,,,,,,,,,,,,,,,,
Looking for a hotel with 400 or more rooms,hotel,,,,,,,,,,,,,,,,,,,,,,,
Searching for a farm with asking price under $700000,farm,,700000,700000,,,,,,,,,,,,,,,,,,,,
Medical office building with cap rate between 7% and 11%,building,,,,,,,7,11,,,,,,,,,,,,,,,
Industrial property for sale with at least 600000 sq ft,property,,,,600000,,,,,,,,,,,,,,,,,,,
Commercial property,commercial,,,,,,,,,,,,,,,,,,,,,,,
Searching for an office space with 20000 sq ft or more,space,,,,20000,,,,,,,,,,,,,,,,,,,
Residential property with asking price under $500000,property,,,,,500000,,,,,,,,,,,,,,,,,,
Looking for a car wash with acreage between 2 and 10 acres,car wash,10,2,,,,,,,,,,,,,,,,,,,,,
Gas station for sale with cap rate above 7%,Gas station,,,,,,,7,,,,,,,,,,,,,,,,
Looking for a hotel with 250 or more rooms,hotel,,,,,,,,,,250,,,,,,,,,,,,,
Searching for a farm with asking price under $800000,farm,,,,,,800000,,,,,,,,,,,,,,,,,
Medical office building with cap rate between 8% and 11%,building,,,,,,,8,11,,,,,,,,,,,,,,,
Industrial property for sale with at least 700000 sq ft,property,,,,700000,,,,,,,,,,,,,,,,,,,
Searching for an office space with 25,000 sq ft or more,space,,,,25000,,,,,,,,,,,,,,,,,,
Residential property with asking price under $600000,property,,,,,600000,,,,,,,,,,,,,,,,,,
Looking for a property with 40 acres,,,,,,40,,,,,,,,,,,,,,,,,,
Seeking properties between 200000 and 300000 sq ft,,,,,300000,200000,,,,,,,,,,,,,,,,,,
Restaurant for sale with asking price of $400000,Restaurant,,,,,,400000,,,,,,,,,,,,,,,,,
Looking for a commercial property with cap rate above 9%,property,,,,,,,9,,,,,,,,,,,,,,,,
Industrial property,industrial,,,,,,,,,,,,,,,,,,,,,,,
Office space with minimum 1,500 sq ft,office,,,,1500,,,,,,,,,,,,,,,,,,
Vacant land for sale in opportunity zone,land,,,,,,,,,,,true,,,,,,,,,,,,
Searching for a warehouse with 400000 sq ft or more,warehouse,,400000,,,,,,,,,,,,,,,,,,,,,
Residential property with asking price between $500000 and $600000,residential,,,,,600000,500000,,,,,,,,,,,,,,,,,
Looking for a car wash with acreage between 5 and 10 acres,car wash,10,5,,,,,,,,,,,,,,,,,,,,,
Gas station for sale with cap rate above 10%,Gas station,,,,,,,10,,,,,,,,,,,,,,,,
Looking for a hotel with 500 or more rooms,hotel,,,,,,,,,,,,,,,,,,,,,,,
Searching for a farm with asking price under $900000,farm,,900000,900000,,,,,,,,,,,,,,,,,,,,
Medical office building with cap rate between 8% and 12%,building,,,,,,,8,12,,,,,,,,,,,,,,,
Industrial property for sale with at least 800000 sq ft,property,,,,800000,,,,,,,,,,,,,,,,,,,
Commercial property,commercial,,,,,,,,,,,,,,,,,,,,,,,
Searching for an office space with 30000 sq ft or more,space,,,,30000,,,,,,,,,,,,,,,,,,,
Residential property with asking price under $700000,property,,,,,700000,,,,,,,,,,,,,,,,,,
Looking for a car wash with acreage between 2 and 15 acres,car wash,15,2,,,,,,,,,,,,,,,,,,,,,
Gas station for sale with cap rate above 9%,Gas station,,,,,,,9,,,,,,,,,,,,,,,,
Looking for a hotel with 300 or more rooms,hotel,,,,,,,,,,300,,,,,,,,,,,,,
Searching for a farm with asking price under $1,000000,farm,,,,,,1000000,,,,,,,,,,,,,,,,
Medical office building with cap rate between 9% and 12%,building,,,,,,,9,12,,,,,,,,,,,,,,,
Industrial property for sale with at least 900000 sq ft,property,,,,900000,,,,,,,,,,,,,,,,,,,
Searching for an office space with 35,000 sq ft or more,space,,,,35000,,,,,,,,,,,,,,,,,,
Residential property with asking price under $800000,property,,,,,800000,,,,,,,,,,,,,,,,,,
Looking for a property with 50 acres,,,,,,50,,,,,,,,,,,,,,,,,,
Seeking properties between 300000 and 400000 sq ft,,,,,400000,300000,,,,,,,,,,,,,,,,,,
Restaurant for sale with asking price of $500000,Restaurant,,,,,,500000,,,,,,,,,,,,,,,,,
Looking for a commercial property with cap rate above 10%,property,,,,,,,10,,,,,,,,,,,,,,,,
Industrial property,industrial,,,,,,,,,,,,,,,,,,,,,,,
Office space with minimum 2,000 sq ft,office,,,,2000,,,,,,,,,,,,,,,,,,
Vacant land for sale in opportunity zone,land,,,,,,,,,,,true,,,,,,,,,,,,
Searching for a warehouse with 500000 sq ft or more,warehouse,,500000,,,,,,,,,,,,,,,,,,,,,
Residential property with asking price between $600000 and $700000,residential,,,,,700000,600000,,,,,,,,,,,,,,,,,
Looking for a car wash with acreage between 5 and 10 acres,car wash,10,5,,,,,,,,,,,,,,,,,,,,,
Gas station for sale with cap rate above 11%,Gas station,,,,,,,11,,,,,,,,,,,,,,,,
Looking for a hotel with 400 or more rooms,hotel,,,,,,,,,,,,,,,,,,,,,,,
Searching for a farm with asking price under $1,200000,farm,,1200000,1200000,,,,,,,,,,,,,,,,,,,
Medical office building with cap rate between 9% and 13%,building,,,,,,,9,13,,,,,,,,,,,,,,,
Industrial property for sale with at least 1,000000 sq ft,property,,,,1000000,,,,,,,,,,,,,,,,,,
Commercial property,commercial,,,,,,,,,,,,,,,,,,,,,,,
Searching for an office space with 40000 sq ft or more,space,,,,40000,,,,,,,,,,,,,,,,,,,
Residential property with asking price under $900000,property,,,,,900000,,,,,,,,,,,,,,,,,,
Looking for a car wash with acreage between 2 and 20 acres,car wash,20,2,,,,,,,,,,,,,,,,,,,,,
Gas station for sale with cap rate above 10%,Gas station,,,,,,,10,,,,,,,,,,,,,,,,
Looking for a hotel with 500 or more rooms,hotel,,,,,,,,,,500,,,,,,,,,,,,,
Searching for a farm with asking price under $1,500000,farm,,,,,,1500000,,,,,,,,,,,,,,,,
Medical office building with cap rate between 10% and 14%,building,,,,,,,10,14,,,,,,,,,,,,,,,
Industrial property for sale with at least 1,200000 sq ft,property,,,,1200000,,,,,,,,,,,,,,,,,,
Searching for an office space with 45,000 sq ft or more,space,,,,45000,,,,,,,,,,,,,,,,,,
Residential property with asking price under $1,000000,property,,,,,1000000,,,,,,,,,,,,,,,,,
Looking for a property with 60 acres,,,,,,60,,,,,,,,,,,,,,,,,,
Seeking properties between 400000 and 500000 sq ft,,,,,500000,400000,,,,,,,,,,,,,,,,,,
Restaurant for sale with asking price of $600000,Restaurant,,,,,,600000,,,,,,,,,,,,,,,,,
Looking for a commercial property with cap rate above 11%,property,,,,,,,11,,,,,,,,,,,,,,,,
Industrial property,industrial,,,,,,,,,,,,,,,,,,,,,,,
Office space with minimum 2,500 sq ft,office,,,,2500,,,,,,,,,,,,,,,,,,
Vacant land for sale in opportunity zone,land,,,,,,,,,,,true,,,,,,,,,,,,
Searching for a warehouse with 600000 sq ft or more,warehouse,,600000,,,,,,,,,,,,,,,,,,,,,
Residential property with asking price between $700000 and $800000,residential,,,,,800000,700000,,,,,,,,,,,,,,,,,
Looking for a car wash with acreage between 5 and 10 acres,car wash,10,5,,,,,,,,,,,,,,,,,,,,,
Gas station for sale with cap rate above 12%,Gas station,,,,,,,12,,,,,,,,,,,,,,,,
Looking for a hotel with 600 or more rooms,hotel,,,,,,,,,,,,,,,,,,,,,,,
Searching for a farm with asking price under $1,800000,farm,,1800000,1800000,,,,,,,,,,,,,,,,,,,
Medical office building with cap rate between 11% and 15%,building,,,,,,,11,15,,,,,,,,,,,,,,,
Industrial property for sale with at least 1,500000 sq ft,property,,,,1500000,,,,,,,,,,,,,,,,,,
Commercial property,commercial,,,,,,,,,,,,,,,,,,,,,,,
Searching for an office space with 50000 sq ft or more,space,,,,50000,,,,,,,,,,,,,,,,,,,
Residential property with asking price under $1,100000,property,,,,,1100000,,,,,,,,,,,,,,,,,
Looking for a car wash with acreage between 2 and 25 acres,car wash,25,2,,,,,,,,,,,,,,,,,,,,,
Gas station for sale with cap rate above 13%,Gas station,,,,,,,13,,,,,,,,,,,,,,,,
Looking for a hotel with 700 or more rooms,hotel,,,,,,,,,,700,,,,,,,,,,,,,
Searching for a farm with asking price under $2,000000,farm,,,,,,2000000,,,,,,,,,,,,,,,,
Medical office building with cap rate between 12% and 16%,building,,,,,,,12,16,,,,,,,,,,,,,,,
Industrial property for sale with at least 2,000000 sq ft,property,,,,2000000,,,,,,,,,,,,,,,,,,
Searching for an office space with 55,000 sq ft or more,space,,,,55000,,,,,,,,,,,,,,,,,,
Residential property with asking price under $1,300000,property,,,,,1300000,,,,,,,,,,,,,,,,,
Looking for a property with 70 acres,,,,,,70,,,,,,,,,,,,,,,,,,
Seeking properties between 500000 and 600000 sq ft,,,,,600000,500000,,,,,,,,,,,,,,,,,,
Restaurant for sale with asking price of $700000,Restaurant,,,,,,700000,,,,,,,,,,,,,,,,,
Looking for a commercial property with cap rate above 12%,property,,,,,,,12,,,,,,,,,,,,,,,,
Industrial property,industrial,,,,,,,,,,,,,,,,,,,,,,,
Office space with minimum 3,000 sq ft,office,,,,3000,,,,,,,,,,,,,,,,,,
Vacant land for sale in opportunity zone,land,,,,,,,,,,,true,,,,,,,,,,,,
Searching for a warehouse with 700000 sq ft or more,warehouse,,700000,,,,,,,,,,,,,,,,,,,,,
Residential property with asking price between $800000 and $900000,residential,,,,,900000,800000,,,,,,,,,,,,,,,,,
Looking for a car wash with acreage between 5 and 10 acres,car wash,10,5,,,,,,,,,,,,,,,,,,,,,
Gas station for sale with cap rate above 14%,Gas station,,,,,,,14,,,,,,,,,,,,,,,,
Looking for a hotel with 800 or more rooms,hotel,,,,,,,,,,,,,,,,,,,,,,,
Searching for a farm with asking price under $2,200000,farm,,2200000,2200000,,,,,,,,,,,,,,,,,,,
Medical office building with cap rate between 13% and 17%,building,,,,,,,13,17,,,,,,,,,,,,,,,
Industrial property for sale with at least 2,500000 sq ft,property,,,,2500000,,,,,,,,,,,,,,,,,,
Commercial property,commercial,,,,,,,,,,,,,,,,,,,,,,,
Searching for an office space with 60000 sq ft or more,space,,,,60000,,,,,,,,,,,,,,,,,,,
Residential property with asking price under $1,500000,property,,,,,1500000,,,,,,,,,,,,,,,,,
Looking for a car wash with acreage between 2 and 30 acres,car wash,30,2,,,,,,,,,,,,,,,,,,,,,
Gas station for sale with cap rate above 15%,Gas station,,,,,,,15,,,,,,,,,,,,,,,,
Looking for a hotel with 900 or more rooms,hotel,,,,,,,,,,900,,,,,,,,,,,,,
Searching for a farm with asking price under $2,500000,farm,,,,,,2500000,,,,,,,,,,,,,,,,
Medical office building with cap rate between 14% and 18%,building,,,,,,,14,18,,,,,,,,,,,,,,,
Industrial property for sale with at least 3,000000 sq ft,property,,,,3000000,,,,,,,,,,,,,,,,,,
Searching for an office space with 65,000 sq ft or more,space,,,,65000,,,,,,,,,,,,,,,,,,
Residential property with asking price under $1,700000,property,,,,,1700000,,,,,,,,,,,,,,,,,
Looking for a property with 80 acres,,,,,,80,,,,,,,,,,,,,,,,,,
Seeking properties between 600000 and 700000 sq ft,,,,,700000,600000,,,,,,,,,,,,,,,,,,
Restaurant for sale with asking price of $800000,Restaurant,,,,,,800000,,,,,,,,,,,,,,,,,
Looking for a commercial property with cap rate above 13%,property,,,,,,,13,,,,,,,,,,,,,,,,
Industrial property,industrial,,,,,,,,,,,,,,,,,,,,,,,
Office space with minimum 3,500 sq ft,office,,,,3500,,,,,,,,,,,,,,,,,,
Vacant land for sale in opportunity zone,land,,,,,,,,,,,true,,,,,,,,,,,,
Searching for a warehouse with 800000 sq ft or more,warehouse,,800000,,,,,,,,,,,,,,,,,,,,,
Residential property with asking price between $900000 and $1,000000,residential,,,,,1000000,900000,,,,,,,,,,,,,,,,
Looking for a car wash with acreage between 5 and 10 acres,car wash,10,5,,,,,,,,,,,,,,,,,,,,,
Gas station for sale with cap rate above 16%,Gas station,,,,,,,16,,,,,,,,,,,,,,,,
Looking for a hotel with 1,000 or more rooms,hotel,,,,,,,,,,,,,,,,,,,,,,
Searching for a farm with asking price under $2,800000,farm,,2800000,2800000,,,,,,,,,,,,,,,,,,,
Medical office building with cap rate between 15% and 19%,building,,,,,,,15,19,,,,,,,,,,,,,,,
Industrial property for sale with at least 3,500000 sq ft,property,,,,3500000,,,,,,,,,,,,,,,,,,
Commercial property,commercial,,,,,,,,,,,,,,,,,,,,,,,
Searching for an office space with 70000 sq ft or more,space,,,,70000,,,,,,,,,,,,,,,,,,,
Residential property with asking price under $1,900000,property,,,,,1900000,,,,,,,,,,,,,,,,,
Looking for a car wash with acreage between 2 and 35 acres,car wash,35,2,,,,,,,,,,,,,,,,,,,,,
Gas station for sale with cap rate above 17%,Gas station,,,,,,,17,,,,,,,,,,,,,,,,
Looking for a hotel with 1,100 or more rooms,hotel,,,,,,,,,,,,,,,,,,,,,,
Searching for a farm with asking price under $3,000000,farm,,,,,,3000000,,,,,,,,,,,,,,,,
Medical office building with cap rate between 16% and 20%,building,,,,,,,16,20,,,,,,,,,,,,,,,
Industrial property for sale with at least 4,000000 sq ft,property,,,,4000000,,,,,,,,,,,,,,,,,,
Searching for an office space with 75,000 sq ft or more,space,,,,75000,,,,,,,,,,,,,,,,,,
Residential property with asking price under $2,100000,property,,,,,2100000,,,,,,,,,,,,,,,,,
Looking for a property with 90 acres,,,,,,90,,,,,,,,,,,,,,,,,,
Seeking properties between 700000 and 800000 sq ft,,,,,800000,700000,,,,,,,,,,,,,,,,,,
Restaurant for sale with asking price of $900000,Restaurant,,,,,,900000,,,,,,,,,,,,,,,,,
Looking for a commercial property with cap rate above 14%,property,,,,,,,14,,,,,,,,,,,,,,,,
Industrial property,industrial,,,,,,,,,,,,,,,,,,,,,,,
Office space with minimum 4,000 sq ft,office,,,,4000,,,,,,,,,,,,,,,,,,
Vacant land for sale in opportunity zone,land,,,,,,,,,,,true,,,,,,,,,,,,
Searching for a warehouse with 900000 sq ft or more,warehouse,,900000,,,,,,,,,,,,,,,,,,,,,
Residential property with asking price between $1,000000 and $1,100000,residential,,,,,1100000,1000000,,,,,,,,,,,,,,,
Looking for a car wash with acreage between 5 and 10 acres,car wash,10,5,,,,,,,,,,,,,,,,,,,,,
Gas station for sale with cap rate above 18%,Gas station,,,,,,,18,,,,,,,,,,,,,,,,
Looking for a hotel with 1,200 or more rooms,hotel,,,,,,,,,,,,,,,,,,,,,,
Searching for a farm with asking price under $3,200000,farm,,3200000,3200000,,,,,,,,,,,,,,,,,,,
Medical office building with cap rate between 17% and 21%,building,,,,,,,17,21,,,,,,,,,,,,,,,
Industrial property for sale with at least 4,500000 sq ft,property,,,,4500000,,,,,,,,,,,,,,,,,,
Commercial property,commercial,,,,,,,,,,,,,,,,,,,,,,,
Searching for an office space with 80000 sq ft or more,space,,,,80000,,,,,,,,,,,,,,,,,,,
Residential property with asking price under $2,300000,property,,,,,2300000,,,,,,,,,,,,,,,,,
Looking for a car wash with acreage between 2 and 40 acres,car wash,40,2,,,,,,,,,,,,,,,,,,,,,
Gas station for sale with cap rate above 19%,Gas station,,,,,,,19,,,,,,,,,,,,,,,,
Looking for a hotel with 1,300 or more rooms,hotel,,,,,,,,,,,,,,,,,,,,,,
Searching for a farm with asking price under $3,500000,farm,,,,,,3500000,,,,,,,,,,,,,,,,
Medical office building with cap rate between 18% and 22%,building,,,,,,,18,22,,,,,,,,,,,,,,,
Industrial property for sale with at least 5,000000 sq ft,property,,,,5000000,,,,,,,,,,,,,,,,,,
Searching for an office space with 85,000 sq ft or more,space,,,,85000,,,,,,,,,,,,,,,,,,
Residential property with asking price under $2,500000,property,,,,,2500000,,,,,,,,,,,,,,,,,
Looking for a property with 100 acres,,,,,,100,,,,,,,,,,,,,,,,,,
Seeking properties between 800000 and 900000 sq ft,,,,,900000,800000,,,,,,,,,,,,,,,,,,
Restaurant for sale with asking price of $1,000000,Restaurant,,,,,,1000000,,,,,,,,,,,,,,,,
Looking for a commercial property with cap rate above 15%,property,,,,,,,15,,,,,,,,,,,,,,,,
Industrial property,industrial,,,,,,,,,,,,,,,,,,,,,,,
Office space with minimum 4,500 sq ft,office,,,,4500,,,,,,,,,,,,,,,,,,
Vacant land for sale in opportunity zone,land,,,,,,,,,,,true,,,,,,,,,,,,
Searching for a warehouse with 1,000000 sq ft or more,warehouse,,1000000,,,,,,,,,,,,,,,,,,,,
Residential property with asking price between $1,100000 and $1,200000,residential,,,,,1200000,1100000,,,,,,,,,,,,,,,
Looking for a car wash with acreage between 5 and 10 acres,car wash,10,5,,,,,,,,,,,,,,,,,,,,,
Gas station for sale with cap rate above 20%,Gas station,,,,,,,20,,,,,,,,,,,,,,,,
Looking for a hotel with 1,400 or more rooms,hotel,,,,,,,,,,,,,,,,,,,,,,
Searching for a farm with asking price under $3,800000,farm,,3800000,3800000,,,,,,,,,,,,,,,,,,,
Medical office building with cap rate between 19% and 23%,building,,,,,,,19,23,,,,,,,,,,,,,,,
Industrial property for sale with at least 5,500000 sq ft,property,,,,5500000,,,,,,,,,,,,,,,,,,
Commercial property,commercial,,,,,,,,,,,,,,,,,,,,,,,
Searching for an office space with 90000 sq ft or more,space,,,,90000,,,,,,,,,,,,,,,,,,,
Residential property with asking price under $2,700000,property,,,,,2700000,,,,,,,,,,,,,,,,,
Looking for a car wash with acreage between 2 and 45 acres,car wash,45,2,,,,,,,,,,,,,,,,,,,,,
Gas station for sale with cap rate above 21%,Gas station,,,,,,,21,,,,,,,,,,,,,,,,
Looking for a hotel with 1,500 or more rooms,hotel,,,,,,,,,,,,,,,,,,,,,,
Searching for a farm with asking price under $4,000000,farm,,,,,,4000000,,,,,,,,,,,,,,,,
Medical office building with cap rate between 20% and 24%,building,,,,,,,20,24,,,,,,,,,,,,,,,
Industrial property for sale with at least 6,000000 sq ft,property,,,,6000000,,,,,,,,,,,,,,,,,,
Searching for an office space with 95,000 sq ft or more,space,,,,95000,,,,,,,,,,,,,,,,,,
Residential property with asking price under $2,900000,property,,,,,2900000,,,,,,,,,,,,,,,,,
Looking for a property with 110 acres,,,,,,110,,,,,,,,,,,,,,,,,,
Seeking properties between 900000 and 1,000000 sq ft,,,,,1000000,900000,,,,,,,,,,,,,,,,,
Restaurant for sale with asking price of $1,100000,Restaurant,,,,,,1100000,,,,,,,,,,,,,,,,
Looking for a commercial property with cap rate above 16%,property,,,,,,,16,,,,,,,,,,,,,,,,
Industrial property,industrial,,,,,,,,,,,,,,,,,,,,,,,
Office space with minimum 5,000 sq ft,office,,,,5000,,,,,,,,,,,,,,,,,,
Vacant land for sale in opportunity zone,land,,,,,,,,,,,true,,,,,,,,,,,,
Searching for a warehouse with 1,100000 sq ft or more,warehouse,,1100000,,,,,,,,,,,,,,,,,,,,
Residential property with asking price between $1,200000 and $1,300000,residential,,,,,1300000,1200000,,,,,,,,,,,,,,,
Looking for a car wash with acreage between 5 and 10 acres,car wash,10,5,,,,,,,,,,,,,,,,,,,,,
Gas station for sale with cap rate above 22%,Gas station,,,,,,,22,,,,,,,,,,,,,,,,
Looking for a hotel with 1,600 or more rooms,hotel,,,,,,,,,,,,,,,,,,,,,,
Searching for a farm with asking price under $4,200000,farm,,4200000,4200000,,,,,,,,,,,,,,,,,,,
Medical office building with cap rate between 21% and 25%,building,,,,,,,21,25,,,,,,,,,,,,,,,
Industrial property for sale with at least 6,500000 sq ft,property,,,,6500000,,,,,,,,,,,,,,,,,,
Commercial property,commercial,,,,,,,,,,,,,,,,,,,,,,,
Searching for an office space with 100000 sq ft or more,space,,,,100000,,,,,,,,,,,,,,,,,,,
Residential property with asking price under $3,100000,property,,,,,3100000,,,,,,,,,,,,,,,,,
Looking for a car wash with acreage between 2 and 50 acres,car wash,50,2,,,,,,,,,,,,,,,,,,,,,
Gas station for sale with cap rate above 23%,Gas station,,,,,,,23,,,,,,,,,,,,,,,,
Looking for a hotel with 1,700 or more rooms,hotel,,,,,,,,,,,,,,,,,,,,,,
Searching for a farm with asking price under $4,500000,farm,,,,,,4500000,,,,,,,,,,,,,,,,
Medical office building with cap rate between 22% and 26%,building,,,,,,,22,26,,,,,,,,,,,,,,,
Industrial property for sale with at least 7,000000 sq ft,property,,,,7000000,,,,,,,,,,,,,,,,,,
Searching for an office space with 105,000 sq ft or more,space,,,,105000,,,,,,,,,,,,,,,,,,
Residential property with asking price under $3,300000,property,,,,,3300000,,,,,,,,,,,,,,,,,
Looking for a property with 120 acres,,,,,,120,,,,,,,,,,,,,,,,,,
Seeking properties between 1,000000 and 1,100000 sq ft,,,,,1100000,1000000,,,,,,,,,,,,,,,,
Restaurant for sale with asking price of $1,200000,Restaurant,,,,,,1200000,,,,,,,,,,,,,,,,
Looking for a commercial property with cap rate above 17%,property,,,,,,,17,,,,,,,,,,,,,,,,
Industrial property,industrial,,,,,,,,,,,,,,,,,,,,,,,
Office space with minimum 5,500 sq ft,office,,,,5500,,,,,,,,,,,,,,,,,,
Vacant land for sale in opportunity zone,land,,,,,,,,,,,true,,,,,,,,,,,,
Searching for a warehouse with 1,200000 sq ft or more,warehouse,,1200000,,,,,,,,,,,,,,,,,,,,
Residential property with asking price between $1,300000 and $1,400000,residential,,,,,1400000,1300000,,,,,,,,,,,,,,,
Looking for a car wash with acreage between 5 and 10 acres,car wash,10,5,,,,,,,,,,,,,,,,,,,,,
Gas station for sale with cap rate above 24%,Gas station,,,,,,,24,,,,,,,,,,,,,,,,
Looking for a hotel with 1,800 or more rooms,hotel,,,,,,,,,,,,,,,,,,,,,,
Searching for a farm with asking price under $4,800000,farm,,4800000,4800000,,,,,,,,,,,,,,,,,,,
Medical office building with cap rate between 23% and 27%,building,,,,,,,23,27,,,,,,,,,,,,,,,
Industrial property for sale with at least 7,500000 sq ft,property,,,,7500000,,,,,,,,,,,,,,,,,,
Commercial property,commercial,,,,,,,,,,,,,,,,,,,,,,,
Searching for an office space with 110000 sq ft or more,space,,,,110000,,,,,,,,,,,,,,,,,,,
Residential property with asking price under $3,500000,property,,,,,3500000,,,,,,,,,,,,,,,,,
Looking for a car wash with acreage between 2 and 55 acres,car wash,55,2,,,,,,,,,,,,,,,,,,,,,
Gas station for sale with cap rate above 25%,Gas station,,,,,,,25,,,,,,,,,,,,,,,,
Looking for a hotel with 1,900 or more rooms,hotel,,,,,,,,,,,,,,,,,,,,,,
Searching for a farm with asking price under $5,000000,farm,,,,,,5000000,,,,,,,,,,,,,,,,
Medical office building with cap rate between 24% and 28%,building,,,,,,,24,28,,,,,,,,,,,,,,,
Industrial property for sale with at least 8,000000 sq ft,property,,,,8000000,,,,,,,,,,,,,,,,,,
Searching for an office space with 115,000 sq ft or more,space,,,,115000,,,,,,,,,,,,,,,,,,
Residential property with asking price under $3,700000,property,,,,,3700000,,,,,,,,,,,,,,,,,
Looking for a property with 130 acres,,,,,,130,,,,,,,,,,,,,,,,,,
Seeking properties between 1,100000 and 1,200000 sq ft,,,,,1200000,1100000,,,,,,,,,,,,,,,,
Restaurant for sale with asking price of $1,300000,Restaurant,,,,,,1300000,,,,,,,,,,,,,,,,
Looking for a commercial property with cap rate above 18%,property,,,,,,,18,,,,,,,,,,,,,,,,
Industrial property,industrial,,,,,,,,,,,,,,,,,,,,,,,
Office space with minimum 6,000 sq ft,office,,,,6000,,,,,,,,,,,,,,,,,,
Vacant land for sale in opportunity zone,land,,,,,,,,,,,true,,,,,,,,,,,,
Searching for a warehouse with 1,300000 sq ft or more,warehouse,,1300000,,,,,,,,,,,,,,,,,,,,
Residential property with asking price between $1,400000 and $1,500000,residential,,,,,1500000,1400000,,,,,,,,,,,,,,,
Looking for a car wash with acreage between 5 and 10 acres,car wash,10,5,,,,,,,,,,,,,,,,,,,,,
Gas station for sale with cap rate above 26%,Gas station,,,,,,,26,,,,,,,,,,,,,,,,
Looking for a hotel with 2,000 or more rooms,hotel,,,,,,,,,,,,,,,,,,,,,,
Searching for a farm with asking price under $5,200000,farm,,5200000,5200000,,,,,,,,,,,,,,,,,,,
Medical office building with cap rate between 25% and 29%,building,,,,,,,25,29,,,,,,,,,,,,,,,
Industrial property for sale with at least 8,500000 sq ft,property,,,,8500000,,,,,,,,,,,,,,,,,,
Commercial property,commercial,,,,,,,,,,,,,,,,,,,,,,,
Searching for an office space with 120000 sq ft or more,space,,,,120000,,,,,,,,,,,,,,,,,,,
Residential property with asking price under $3,900000,property,,,,,3900000,,,,,,,,,,,,,,,,,
Looking for a car wash with acreage between 2 and 60 acres,car wash,60,2,,,,,,,,,,,,,,,,,,,,,
Gas station for sale with cap rate above 27%,Gas station,,,,,,,27,,,,,,,,,,,,,,,,
Looking for a hotel with 2,200 or more rooms,hotel,,,,,,,,,,,,,,,,,,,,,,
Searching for a farm with asking price under $5,500000,farm,,,,,,5500000,,,,,,,,,,,,,,,,
Medical office building with cap rate between 26% and 30%,building,,,,,,,26,30,,,,,,,,,,,,,,,
Industrial property for sale with at least 9,000000 sq ft,property,,,,9000000,,,,,,,,,,,,,,,,,,
Searching for an office space with 125,000 sq ft or more,space,,,,125000,,,,,,,,,,,,,,,,,,
Residential property with asking price under $4,100000,property,,,,,4100000,,,,,,,,,,,,,,,,,
Looking for a property with 140 acres,,,,,,140,,,,,,,,,,,,,,,,,,
Seeking properties between 1,200000 and 1,300000 sq ft,,,,,1300000,1200000,,,,,,,,,,,,,,,,
Restaurant for sale with asking price of $1,400000,Restaurant,,,,,,1400000,,,,,,,,,,,,,,,,
Looking for a commercial property with cap rate above 19%,property,,,,,,,19,,,,,,,,,,,,,,,,
Industrial property,industrial,,,,,,,,,,,,,,,,,,,,,,,
Office space with minimum 6,500 sq ft,office,,,,6500,,,,,,,,,,,,,,,,,,
Vacant land for sale in opportunity zone,land,,,,,,,,,,,true,,,,,,,,,,,,
Searching for a warehouse with 1,400000 sq ft or more,warehouse,,1400000,,,,,,,,,,,,,,,,,,,,
Residential property with asking price between $1,500000 and $1,600000,residential,,,,,1600000,1500000,,,,,,,,,,,,,,,
Looking for a car wash with acreage between 5 and 10 acres,car wash,10,5,,,,,,,,,,,,,,,,,,,,,
Gas station for sale with cap rate above 28%,Gas station,,,,,,,28,,,,,,,,,,,,,,,,
Looking for a hotel with 2,400 or more rooms,hotel,,,,,,,,,,,,,,,,,,,,,,
Searching for a farm with asking price under $5,800000,farm,,5800000,5800000,,,,,,,,,,,,,,,,,,,
Medical office building with cap rate between 27% and 31%,building,,,,,,,27,31,,,,,,,,,,,,,,,
Industrial property for sale with at least 9,500000 sq ft,property,,,,9500000,,,,,,,,,,,,,,,,,,
Commercial property,commercial,,,,,,,,,,,,,,,,,,,,,,,
Searching for an office space with 130000 sq ft or more,space,,,,130000,,,,,,,,,,,,,,,,,,,
Residential property with asking price under $4,300000,property,,,,,4300000,,,,,,,,,,,,,,,,,
Looking for a car wash with acreage between 2 and 65 acres,car wash,65,2,,,,,,,,,,,,,,,,,,,,,
Gas station for sale with cap rate above 29%,Gas station,,,,,,,29,,,,,,,,,,,,,,,,
Looking for a hotel with 2,600 or more rooms,hotel,,,,,,,,,,,,,,,,,,,,,,
Searching for a farm with asking price under $6,000000,farm,,,,,,6000000,,,,,,,,,,,,,,,,
Medical office building with cap rate between 28% and 32%,building,,,,,,,28,32,,,,,,,,,,,,,,,
Industrial property for sale with at least 10000000 sq ft,property,,,,10000000,,,,,,,,,,,,,,,,,,,
Searching for an office space with 135,000 sq ft or more,space,,,,135000,,,,,,,,,,,,,,,,,,
Residential property with asking price under $4,500000,property,,,,,4500000,,,,,,,,,,,,,,,,,
Looking for a property with 150 acres,,,,,,150,,,,,,,,,,,,,,,,,,
Seeking properties between 1,300000 and 1,400000 sq ft,,,,,1400000,1300000,,,,,,,,,,,,,,,,
Restaurant for sale with asking price of $1,500000,Restaurant,,,,,,1500000,,,,,,,,,,,,,,,,
Looking for a commercial property with cap rate above 20%,property,,,,,,,20,,,,,,,,,,,,,,,,
Industrial property,industrial,,,,,,,,,,,,,,,,,,,,,,,
Office space with minimum 7,000 sq ft,office,,,,7000,,,,,,,,,,,,,,,,,,
Vacant land for sale in opportunity zone,land,,,,,,,,,,,true,,,,,,,,,,,,
Searching for a warehouse with 1,500000 sq ft or more,warehouse,,1500000,,,,,,,,,,,,,,,,,,,,
Residential property with asking price between $1,600000 and $1,700000,residential,,,,,1700000,1600000,,,,,,,,,,,,,,,
Looking for a car wash with acreage between 5 and 10 acres,car wash,10,5,,,,,,,,,,,,,,,,,,,,,
Gas station for sale with cap rate above 30%,Gas station,,,,,,,30,,,,,,,,,,,,,,,,
Looking for a hotel with 2,800 or more rooms,hotel,,,,,,,,,,,,,,,,,,,,,,
Searching for a farm with asking price under $6,200000,farm,,6200000,6200000,,,,,,,,,,,,,,,,,,,
Medical office building with cap rate between 29% and 33%,building,,,,,,,29,33,,,,,,,,,,,,,,,
Industrial property for sale with at least 10,500000 sq ft,property,,,,10500000,,,,,,,,,,,,,,,,,,
Commercial property,commercial,,,,,,,,,,,,,,,,,,,,,,,
Searching for an office space with 140000 sq ft or more,space,,,,140000,,,,,,,,,,,,,,,,,,,
Residential property with asking price under $4,700000,property,,,,,4700000,,,,,,,,,,,,,,,,,
Looking for a car wash with acreage between 2 and 70 acres,car wash,70,2,,,,,,,,,,,,,,,,,,,,,
Gas station for sale with cap rate above 31%,Gas station,,,,,,,31,,,,,,,,,,,,,,,,
Looking for a hotel with 3,000 or more rooms,hotel,,,,,,,,,,,,,,,,,,,,,,
Searching for a farm with asking price under $6,500000,farm,,,,,,6500000,,,,,,,,,,,,,,,,
Medical office building with cap rate between 30% and 34%,building,,,,,,,30,34,,,,,,,,,,,,,,,
Industrial property for sale with at least 11,000000 sq ft,property,,,,11000000,,,,,,,,,,,,,,,,,,
Searching for an office space with 145,000 sq ft or more,space,,,,145000,,,,,,,,,,,,,,,,,,
Residential property with asking price under $5,000000,property,,,,,5000000,,,,,,,,,,,,,,,,,
Looking for a property with 160 acres,,,,,,160,,,,,,,,,,,,,,,,,,
Seeking properties between 1,400000 and 1,500000 sq ft,,,,,1500000,1400000,,,,,,,,,,,,,,,,
Restaurant for sale with asking price of $1,600000,Restaurant,,,,,,1600000,,,,,,,,,,,,,,,,
Looking for a commercial property with cap rate above 21%,property,,,,,,,21,,,,,,,,,,,,,,,,
Industrial property,industrial,,,,,,,,,,,,,,,,,,,,,,,
Office space with minimum 7,500 sq ft,office,,,,7500,,,,,,,,,,,,,,,,,,
Vacant land for sale in opportunity zone,land,,,,,,,,,,,true,,,,,,,,,,,,
Searching for a warehouse with 1,600000 sq ft or more,warehouse,,1600000,,,,,,,,,,,,,,,,,,,,
Residential property with asking price between $1,700000 and $1,800000,residential,,,,,1800000,1700000,,,,,,,,,,,,,,,
Looking for a car wash with acreage between 5 and 10 acres,car wash,10,5,,,,,,,,,,,,,,,,,,,,,
Gas station for sale with cap rate above 32%,Gas station,,,,,,,32,,,,,,,,,,,,,,,,
Looking for a hotel with 3,200 or more rooms,hotel,,,,,,,,,,,,,,,,,,,,,,
Searching for a farm with asking price under $7,000000,farm,,7000000,7000000,,,,,,,,,,,,,,,,,,,
Medical office building with cap rate between 31% and 35%,building,,,,,,,31,35,,,,,,,,,,,,,,,
Industrial property for sale with at least 11,500000 sq ft,property,,,,11500000,,,,,,,,,,,,,,,,,,
Commercial property,commercial,,,,,,,,,,,,,,,,,,,,,,,
Searching for an office space with 150000 sq ft or more,space,,,,150000,,,,,,,,,,,,,,,,,,,
Residential property with asking price under $5,300000,property,,,,,5300000,,,,,,,,,,,,,,,,,
Looking for a car wash with acreage between 2 and 75 acres,car wash,75,2,,,,,,,,,,,,,,,,,,,,,
Gas station for sale with cap rate above 33%,Gas station,,,,,,,33,,,,,,,,,,,,,,,,
Looking for a hotel with 3,400 or more rooms,hotel,,,,,,,,,,,,,,,,,,,,,,
Searching for a farm with asking price under $7,500000,farm,,,,,,7500000,,,,,,,,,,,,,,,,
Medical office building with cap rate between 32% and 36%,building,,,,,,,32,36,,,,,,,,,,,,,,,
Industrial property for sale with at least 12,000000 sq ft,property,,,,12000000,,,,,,,,,,,,,,,,,,
Searching for an office space with 155,000 sq ft or more,space,,,,155000,,,,,,,,,,,,,,,,,,
Residential property with asking price under $5,600000,property,,,,,5600000,,,,,,,,,,,,,,,,,
Looking for a property with 170 acres,,,,,,170,,,,,,,,,,,,,,,,,,
Seeking properties between 1,500000 and 1,600000 sq ft,,,,,1600000,1500000,,,,,,,,,,,,,,,,
Restaurant for sale with asking price of $1,700000,Restaurant,,,,,,1700000,,,,,,,,,,,,,,,,
Looking for a commercial property with cap rate above 22%,property,,,,,,,22,,,,,,,,,,,,,,,,
Industrial property,industrial,,,,,,,,,,,,,,,,,,,,,,,
Office space with minimum 8,000 sq ft,office,,,,8000,,,,,,,,,,,,,,,,,,
Vacant land for sale in opportunity zone,land,,,,,,,,,,,true,,,,,,,,,,,,
Searching for a warehouse with 1,700000 sq ft or more,warehouse,,1700000,,,,,,,,,,,,,,,,,,,,
Residential property with asking price between $1,800000 and $1,900000,residential,,,,,1900000,1800000,,,,,,,,,,,,,,,
Looking for a car wash with acreage between 5 and 10 acres,car wash,10,5,,,,,,,,,,,,,,,,,,,,,
Gas station for sale with cap rate above 34%,Gas station,,,,,,,34,,,,,,,,,,,,,,,,
Looking for a hotel with 3,600 or more rooms,hotel,,,,,,,,,,,,,,,,,,,,,,
Searching for a farm with asking price under $8,000000,farm,,8000000,8000000,,,,,,,,,,,,,,,,,,,
Medical office building with cap rate between 33% and 37%,building,,,,,,,33,37,,,,,,,,,,,,,,,
Industrial property for sale with at least 12,500000 sq ft,property,,,,12500000,,,,,,,,,,,,,,,,,,
Commercial property,commercial,,,,,,,,,,,,,,,,,,,,,,,
Searching for an office space with 160000 sq ft or more,space,,,,160000,,,,,,,,,,,,,,,,,,,
Residential property with asking price under $5,900000,property,,,,,5900000,,,,,,,,,,,,,,,,,
Looking for a car wash with acreage between 2 and 80 acres,car wash,80,2,,,,,,,,,,,,,,,,,,,,,
Gas station for sale with cap rate above 35%,Gas station,,,,,,,35,,,,,,,,,,,,,,,,
Looking for a hotel with 3,800 or more rooms,hotel,,,,,,,,,,,,,,,,,,,,,,
Searching for a farm with asking price under $8,500000,farm,,,,,,8500000,,,,,,,,,,,,,,,,
Medical office building with cap rate between 34% and 38%,building,,,,,,,34,38,,,,,,,,,,,,,,,
Industrial property for sale with at least 13,000000 sq ft,property,,,,13000000,,,,,,,,,,,,,,,,,,
Searching for an office space with 165,000 sq ft or more,space,,,,165000,,,,,,,,,,,,,,,,,,
Residential property with asking price under $6,200000,property,,,,,6200000,,,,,,,,,,,,,,,,,
Looking for a property with 190 acres,,,,,,190,,,,,,,,,,,,,,,,,,
Seeking properties between 1,600000 and 1,700000 sq ft,,,,,1700000,1600000,,,,,,,,,,,,,,,,
Restaurant for sale with asking price of $1,800000,Restaurant,,,,,,1800000,,,,,,,,,,,,,,,,
Looking for a commercial property with cap rate above 23%,property,,,,,,,23,,,,,,,,,,,,,,,,
Industrial property,industrial,,,,,,,,,,,,,,,,,,,,,,,
Office space with minimum 8,500 sq ft,office,,,,8500,,,,,,,,,,,,,,,,,,
Vacant land for sale in opportunity zone,land,,,,,,,,,,,true,,,,,,,,,,,,
Searching for a warehouse with 1,800000 sq ft or more,warehouse,,1800000,,,,,,,,,,,,,,,,,,,,
Residential property with asking price between $1,900000 and $2,000000,residential,,,,,2000000,1900000,,,,,,,,,,,,,,,
Looking for a car wash with acreage between 5 and 10 acres,car wash,10,5,,,,,,,,,,,,,,,,,,,,,
Gas station for sale with cap rate above 36%,Gas station,,,,,,,36,,,,,,,,,,,,,,,,
Looking for a hotel with 4,000 or more rooms,hotel,,,,,,,,,,,,,,,,,,,,,,
Searching for a farm with asking price under $9,000000,farm,,9000000,9000000,,,,,,,,,,,,,,,,,,,
Medical office building with cap rate between 35% and 39%,building,,,,,,,35,39,,,,,,,,,,,,,,,
Industrial property for sale with at least 13,500000 sq ft,property,,,,13500000,,,,,,,,,,,,,,,,,,
Commercial property,commercial,,,,,,,,,,,,,,,,,,,,,,,
Searching for an office space with 170000 sq ft or more,space,,,,170000,,,,,,,,,,,,,,,,,,,
Residential property with asking price under $6,400000,property,,,,,6400000,,,,,,,,,,,,,,,,,
Looking for a car wash with acreage between 2 and 85 acres,car wash,85,2,,,,,,,,,,,,,,,,,,,,,
Gas station for sale with cap rate above 37%,Gas station,,,,,,,37,,,,,,,,,,,,,,,,
Looking for a hotel with 4,200 or more rooms,hotel,,,,,,,,,,,,,,,,,,,,,,
Searching for a farm with asking price under $9,500000,farm,,,,,,9500000,,,,,,,,,,,,,,,,
Medical office building with cap rate between 36% and 40%,building,,,,,,,36,40,,,,,,,,,,,,,,,
Industrial property for sale with at least 14,000000 sq ft,property,,,,14000000,,,,,,,,,,,,,,,,,,
Searching for an office space with 175,000 sq ft or more,space,,,,175000,,,,,,,,,,,,,,,,,,
Residential property with asking price under $6,600000,property,,,,,6600000,,,,,,,,,,,,,,,,,
Looking for a property with 210 acres,,,,,,210,,,,,,,,,,,,,,,,,,
Seeking properties between 1,700000 and 1,800000 sq ft,,,,,1800000,1700000,,,,,,,,,,,,,,,,
Restaurant for sale with asking price of $1,900000,Restaurant,,,,,,1900000,,,,,,,,,,,,,,,,
Looking for a commercial property with cap rate above 24%,property,,,,,,,24,,,,,,,,,,,,,,,,
Industrial property,industrial,,,,,,,,,,,,,,,,,,,,,,,
Office space with minimum 9,000 sq ft,office,,,,9000,,,,,,,,,,,,,,,,,,
Vacant land for sale in opportunity zone,land,,,,,,,,,,,true,,,,,,,,,,,,
Searching for a warehouse with 1,900000 sq ft or more,warehouse,,1900000,,,,,,,,,,,,,,,,,,,,
Residential property with asking price between $2,000000 and $2,100000,residential,,,,,2100000,2000000,,,,,,,,,,,,,,,
Looking for a car wash with acreage between 5 and 10 acres,car wash,10,5,,,,,,,,,,,,,,,,,,,,,
Gas station for sale with cap rate above 38%,Gas station,,,,,,,38,,,,,,,,,,,,,,,,
Looking for a hotel with 4,400 or more rooms,hotel,,,,,,,,,,,,,,,,,,,,,,
Searching for a farm with asking price under $10000000,farm,,10000000,10000000,,,,,,,,,,,,,,,,,,,,
Medical office building with cap rate between 37% and 41%,building,,,,,,,37,41,,,,,,,,,,,,,,,
Industrial property for sale with at least 14,500000 sq ft,property,,,,14500000,,,,,,,,,,,,,,,,,,
Commercial property,commercial,,,,,,,,,,,,,,,,,,,,,,,
Searching for an office space with 180000 sq ft or more,space,,,,180000,,,,,,,,,,,,,,,,,,,
Residential property with asking price under $6,800000,property,,,,,6800000,,,,,,,,,,,,,,,,,
Looking for a car wash with acreage between 2 and 90 acres,car wash,90,2,,,,,,,,,,,,,,,,,,,,,
Gas station for sale with cap rate above 39%,Gas station,,,,,,,39,,,,,,,,,,,,,,,,
Looking for a hotel with 4,600 or more rooms,hotel,,,,,,,,,,,,,,,,,,,,,,
Searching for a farm with asking price under $11,000000,farm,,,,,,11000000,,,,,,,,,,,,,,,,
Medical office building with cap rate between 38% and 42%,building,,,,,,,38,42,,,,,,,,,,,,,,,
Industrial property for sale with at least 15,000000 sq ft,property,,,,15000000,,,,,,,,,,,,,,,,,,
Searching for an office space with 185,000 sq ft or more,space,,,,185000,,,,,,,,,,,,,,,,,,
Residential property with asking price under $7,000000,property,,,,,7000000,,,,,,,,,,,,,,,,,
Looking for a property with 230 acres,,,,,,230,,,,,,,,,,,,,,,,,,
Seeking properties between 1,800000 and 1,900000 sq ft,,,,,1900000,1800000,,,,,,,,,,,,,,,,
Restaurant for sale with asking price of $2,000000,Restaurant,,,,,,2000000,,,,,,,,,,,,,,,,
Looking for a commercial property with cap rate above 25%,property,,,,,,,25,,,,,,,,,,,,,,,,
Industrial property,industrial,,,,,,,,,,,,,,,,,,,,,,,
Office space with minimum 9,500 sq ft,office,,,,9500,,,,,,,,,,,,,,,,,,
Vacant land for sale in opportunity zone,land,,,,,,,,,,,true,,,,,,,,,,,,
Searching for a warehouse with 2,000000 sq ft or more,warehouse,,2000000,,,,,,,,,,,,,,,,,,,,
Residential property with asking price between $2,100000 and $2,200000,residential,,,,,2200000,2100000,,,,,,,,,,,,,,,
Looking for a car wash with acreage between 5 and 10 acres,car wash,10,5,,,,,,,,,,,,,,,,,,,,,
Gas station for sale with cap rate above 40%,Gas station,,,,,,,40,,,,,,,,,,,,,,,,
Looking for a hotel with 4,800 or more rooms,hotel,,,,,,,,,,,,,,,,,,,,,,
Searching for a farm with asking price under $12,000000,farm,,12000000,12000000,,,,,,,,,,,,,,,,,,,
Medical office building with cap rate between 39% and 43%,building,,,,,,,39,43,,,,,,,,,,,,,,,
Industrial property for sale with at least 15,500000 sq ft,property,,,,15500000,,,,,,,,,,,,,,,,,,
Commercial property,commercial,,,,,,,,,,,,,,,,,,,,,,,
Searching for an office space with 190000 sq ft or more,space,,,,190000,,,,,,,,,,,,,,,,,,,
Residential property with asking price under $7,200000,property,,,,,7200000,,,,,,,,,,,,,,,,,
Looking for a car wash with acreage between 2 and 95 acres,car wash,95,2,,,,,,,,,,,,,,,,,,,,,
Gas station for sale with cap rate above 41%,Gas station,,,,,,,41,,,,,,,,,,,,,,,,
Looking for a hotel with 5,000 or more rooms,hotel,,,,,,,,,,,,,,,,,,,,,,
Searching for a farm with asking price under $13,000000,farm,,,,,,13000000,,,,,,,,,,,,,,,,
Medical office building with cap rate between 40% and 44%,building,,,,,,,40,44,,,,,,,,,,,,,,,
Industrial property for sale with at least 16,000000 sq ft,property,,,,16000000,,,,,,,,,,,,,,,,,,
Searching for an office space with 195,000 sq ft or more,space,,,,195000,,,,,,,,,,,,,,,,,,
Residential property with asking price under $7,400000,property,,,,,7400000,,,,,,,,,,,,,,,,,
Looking for a property with 250 acres,,,,,,250,,,,,,,,,,,,,,,,,,
Seeking properties between 1,900000 and 2,000000 sq ft,,,,,2000000,1900000,,,,,,,,,,,,,,,,
Restaurant for sale with asking price of $2,100000,Restaurant,,,,,,2100000,,,,,,,,,,,,,,,,
Looking for a commercial property with cap rate above 26%,property,,,,,,,26,,,,,,,,,,,,,,,,
Industrial property,industrial,,,,,,,,,,,,,,,,,,,,,,,
Office space with minimum 10000 sq ft,office,,,,10000,,,,,,,,,,,,,,,,,,,
Vacant land for sale in opportunity zone,land,,,,,,,,,,,true,,,,,,,,,,,,
Searching for a warehouse with 2,100000 sq ft or more,warehouse,,2100000,,,,,,,,,,,,,,,,,,,,
Residential property with asking price between $2,200000 and $2,300000,residential,,,,,2300000,2200000,,,,,,,,,,,,,,,
Looking for a car wash with acreage between 5 and 10 acres,car wash,10,5,,,,,,,,,,,,,,,,,,,,,
Gas station for sale with cap rate above 42%,Gas station,,,,,,,42,,,,,,,,,,,,,,,,
Looking for a hotel with 5,200 or more rooms,hotel,,,,,,,,,,,,,,,,,,,,,,
Searching for a farm with asking price under $14,000000,farm,,14000000,14000000,,,,,,,,,,,,,,,,,,,
Medical office building with cap rate between 41% and 45%,building,,,,,,,41,45,,,,,,,,,,,,,,,
Industrial property for sale with at least 16,500000 sq ft,property,,,,16500000,,,,,,,,,,,,,,,,,,
Commercial property,commercial,,,,,,,,,,,,,,,,,,,,,,,
Searching for an office space with 200000 sq ft or more,space,,,,200000,,,,,,,,,,,,,,,,,,,
Residential property with asking price under $7,600000,property,,,,,7600000,,,,,,,,,,,,,,,,,
Looking for a car wash with acreage between 2 and 100 acres,car wash,100,2,,,,,,,,,,,,,,,,,,,,,
Gas station for sale with cap rate above 43%,Gas station,,,,,,,43,,,,,,,,,,,,,,,,
Looking for a hotel with 5,400 or more rooms,hotel,,,,,,,,,,,,,,,,,,,,,,
Searching for a farm with asking price under $15,000000,farm,,,,,,15000000,,,,,,,,,,,,,,,,
Medical office building with cap rate between 42% and 46%,building,,,,,,,42,46,,,,,,,,,,,,,,,
Industrial property for sale with at least 17,000000 sq ft,property,,,,17000000,,,,,,,,,,,,,,,,,,
Searching for an office space with 205,000 sq ft or more,space,,,,205000,,,,,,,,,,,,,,,,,,
Residential property with asking price under $7,800000,property,,,,,7800000,,,,,,,,,,,,,,,,,
Looking for a property with 270 acres,,,,,,270,,,,,,,,,,,,,,,,,,
Seeking properties between 2,000000 and 2,100000 sq ft,,,,,2100000,2000000,,,,,,,,,,,,,,,,
Restaurant for sale with asking price of $2,200000,Restaurant,,,,,,2200000,,,,,,,,,,,,,,,,
Looking for a commercial property with cap rate above 27%,property,,,,,,,27,,,,,,,,,,,,,,,,
Industrial property,industrial,,,,,,,,,,,,,,,,,,,,,,,
Office space with minimum 10,500 sq ft,office,,,,10500,,,,,,,,,,,,,,,,,,
Vacant land for sale in opportunity zone,land,,,,,,,,,,,true,,,,,,,,,,,,
Searching for a warehouse with 2,200000 sq ft or more,warehouse,,2200000,,,,,,,,,,,,,,,,,,,,
Residential property with asking price between $2,300000 and $2,400000,residential,,,,,2400000,2300000,,,,,,,,,,,,,,,
Looking for a car wash with acreage between 5 and 10 acres,car wash,10,5,,,,,,,,,,,,,,,,,,,,,
Gas station for sale with cap rate above 44%,Gas station,,,,,,,44,,,,,,,,,,,,,,,,
Looking for a hotel with 5,600 or more rooms,hotel,,,,,,,,,,,,,,,,,,,,,,
Searching for a farm with asking price under $16,000000,farm,,16000000,16000000,,,,,,,,,,,,,,,,,,,
Medical office building with cap rate between 43% and 47%,building,,,,,,,43,47,,,,,,,,,,,,,,,
Industrial property for sale with at least 17,500000 sq ft,property,,,,17500000,,,,,,,,,,,,,,,,,,
Commercial property,commercial,,,,,,,,,,,,,,,,,,,,,,,
Searching for an office space with 210000 sq ft or more,space,,,,210000,,,,,,,,,,,,,,,,,,,
Residential property with asking price under $8,000000,property,,,,,8000000,,,,,,,,,,,,,,,,,
Looking for a car wash with acreage between 2 and 105 acres,car wash,105,2,,,,,,,,,,,,,,,,,,,,,
Gas station for sale with cap rate above 45%,Gas station,,,,,,,45,,,,,,,,,,,,,,,,
Looking for a hotel with 5,800 or more rooms,hotel,,,,,,,,,,,,,,,,,,,,,,
Searching for a farm with asking price under $17,000000,farm,,,,,,17000000,,,,,,,,,,,,,,,,
Medical office building with cap rate between 44% and 48%,building,,,,,,,44,48,,,,,,,,,,,,,,,
Industrial property for sale with at least 18,000000 sq ft,property,,,,18000000,,,,,,,,,,,,,,,,,,
Commercial property,commercial,,,,,,,,,,,,,,,,,,,,,,,
Searching for an office space with 215,000 sq ft or more,space,,,,215000,,,,,,,,,,,,,,,,,,
Residential property with asking price under $8,200000,property,,,,,8200000,,,,,,,,,,,,,,,,,
Looking for a property with 290 acres,,,,,,290,,,,,,,,,,,,,,,,,,
Seeking properties between 2,100000 and 2,200000 sq ft,,,,,2200000,2100000,,,,,,,,,,,,,,,,
Restaurant for sale with asking price of $2,300000,Restaurant,,,,,,2300000,,,,,,,,,,,,,,,,
Looking for a commercial property with cap rate above 28%,property,,,,,,,28,,,,,,,,,,,,,,,,
Industrial property,industrial,,,,,,,,,,,,,,,,,,,,,,,
Office space with minimum 11,000 sq ft,office,,,,11000,,,,,,,,,,,,,,,,,,
Vacant land for sale in opportunity zone,land,,,,,,,,,,,true,,,,,,,,,,,,
Searching for a warehouse with 2,300000 sq ft or more,warehouse,,2300000,,,,,,,,,,,,,,,,,,,,
Residential property with asking price between $2,400000 and $2,500000,residential,,,,,2500000,2400000,,,,,,,,,,,,,,,
Looking for a car wash with acreage between 5 and 10 acres,car wash,10,5,,,,,,,,,,,,,,,,,,,,,
Gas station for sale with cap rate above 46%,Gas station,,,,,,,46,,,,,,,,,,,,,,,,
Looking for a hotel with 6,000 or more rooms,hotel,,,,,,,,,,,,,,,,,,,,,,
Searching for a farm with asking price under $18,000000,farm,,18000000,18000000,,,,,,,,,,,,,,,,,,,
Medical office building with cap rate between 45% and 49%,building,,,,,,,45,49,,,,,,,,,,,,,,,
Industrial property for sale with at least 18,500000 sq ft,property,,,,18500000,,,,,,,,,,,,,,,,,,
Commercial property,commercial,,,,,,,,,,,,,,,,,,,,,,,
Searching for an office space with 220000 sq ft or more,space,,,,220000,,,,,,,,,,,,,,,,,,,
Residential property with asking price under $8,400000,property,,,,,8400000,,,,,,,,,,,,,,,,,
Looking for a car wash with acreage between 2 and 110 acres,car wash,110,2,,,,,,,,,,,,,,,,,,,,,
Gas station for sale with cap rate above 47%,Gas station,,,,,,,47,,,,,,,,,,,,,,,,
Looking for a hotel with 6,200 or more rooms,hotel,,,,,,,,,,,,,,,,,,,,,,
Searching for a farm with asking price under $19,000000,farm,,,,,,19000000,,,,,,,,,,,,,,,,
Medical office building with cap rate between 46% and 50%,building,,,,,,,46,50,,,,,,,,,,,,,,,
Industrial property for sale with at least 19,000000 sq ft,property,,,,19000000,,,,,,,,,,,,,,,,,,
Commercial property,commercial,,,,,,,,,,,,,,,,,,,,,,,
Searching for an office space with 225,000 sq ft or more,space,,,,225000,,,,,,,,,,,,,,,,,,
Residential property with asking price under $8,600000,property,,,,,8600000,,,,,,,,,,,,,,,,,
Looking for a property with 310 acres,,,,,,310,,,,,,,,,,,,,,,,,,
Seeking properties between 2,200000 and 2,300000 sq ft,,,,,2300000,2200000,,,,,,,,,,,,,,,,
Restaurant for sale with asking price of $2,400000,Restaurant,,,,,,2400000,,,,,,,,,,,,,,,,
Looking for a commercial property with cap rate above 29%,property,,,,,,,29,,,,,,,,,,,,,,,,
Industrial property,industrial,,,,,,,,,,,,,,,,,,,,,,,
Office space with minimum 11,500 sq ft,office,,,,11500,,,,,,,,,,,,,,,,,,
Vacant land for sale in opportunity zone,land,,,,,,,,,,,true,,,,,,,,,,,,
Searching for a warehouse with 2,400000 sq ft or more,warehouse,,2400000,,,,,,,,,,,,,,,,,,,,
Residential property with asking price between $2,500000 and $2,600000,residential,,,,,2600000,2500000,,,,,,,,,,,,,,,
Looking for a car wash with acreage between 5 and 10 acres,car wash,10,5,,,,,,,,,,,,,,,,,,,,,
Gas station for sale with cap rate above 48%,Gas station,,,,,,,48,,,,,,,,,,,,,,,,
Looking for a hotel with 6,400 or more rooms,hotel,,,,,,,,,,,,,,,,,,,,,,
Searching for a farm with asking price under $20000000,farm,,20000000,20000000,,,,,,,,,,,,,,,,,,,,
Medical office building with cap rate between 47% and 51%,building,,,,,,,47,51,,,,,,,,,,,,,,,
Industrial property for sale with at least 19,500000 sq ft,property,,,,19500000,,,,,,,,,,,,,,,,,,
Commercial property,commercial,,,,,,,,,,,,,,,,,,,,,,,
Searching for an office space with 230000 sq ft or more,space,,,,230000,,,,,,,,,,,,,,,,,,,
Residential property with asking price under $8,800000,property,,,,,8800000,,,,,,,,,,,,,,,,,
Looking for a car wash with acreage between 2 and 115 acres,car wash,115,2,,,,,,,,,,,,,,,,,,,,,
Gas station for sale with cap rate above 49%,Gas station,,,,,,,49,,,,,,,,,,,,,,,,
Looking for a hotel with 6,600 or more rooms,hotel,,,,,,,,,,,,,,,,,,,,,,
Searching for a farm with asking price under $21,000000,farm,,,,,,21000000,,,,,,,,,,,,,,,,
Medical office building with cap rate between 48% and 52%,building,,,,,,,48,52,,,,,,,,,,,,,,,
Industrial property for sale with at least 20000000 sq ft,property,,,,20000000,,,,,,,,,,,,,,,,,,,
Commercial property,commercial,,,,,,,,,,,,,,,,,,,,,,,
Searching for an office space with 235,000 sq ft or more,space,,,,235000,,,,,,,,,,,,,,,,,,
Residential property with asking price under $9,000000,property,,,,,9000000,,,,,,,,,,,,,,,,,
Looking for a property with 330 acres,,,,,,330,,,,,,,,,,,,,,,,,,
Seeking properties between 2,300000 and 2,400000 sq ft,,,,,2400000,2300000,,,,,,,,,,,,,,,,
Restaurant for sale with asking price of $2,500000,Restaurant,,,,,,2500000,,,,,,,,,,,,,,,,
Looking for a commercial property with cap rate above 30%,property,,,,,,,30,,,,,,,,,,,,,,,,
Industrial property,industrial,,,,,,,,,,,,,,,,,,,,,,,
Office space with minimum 12,000 sq ft,office,,,,12000,,,,,,,,,,,,,,,,,,
Vacant land for sale in opportunity zone,land,,,,,,,,,,,true,,,,,,,,,,,,
Searching for a warehouse with 2,500000 sq ft or more,warehouse,,2500000,,,,,,,,,,,,,,,,,,,,
Residential property with asking price between $2,600000 and $2,700000,residential,,,,,2700000,2600000,,,,,,,,,,,,,,,
Looking for a car wash with acreage between 5 and 10 acres,car wash,10,5,,,,,,,,,,,,,,,,,,,,,
Gas station for sale with cap rate above 50%,Gas station,,,,,,,50,,,,,,,,,,,,,,,,
Looking for a hotel with 6,800 or more rooms,hotel,,,,,,,,,,,,,,,,,,,,,,
Searching for a farm with asking price under $22,000000,farm,,22000000,22000000,,,,,,,,,,,,,,,,,,,
Medical office building with cap rate between 49% and 53%,building,,,,,,,49,53,,,,,,,,,,,,,,,
Industrial property for sale with at least 20,500000 sq ft,property,,,,20500000,,,,,,,,,,,,,,,,,,
Commercial property,commercial,,,,,,,,,,,,,,,,,,,,,,,
Searching for an office space with 240000 sq ft or more,space,,,,240000,,,,,,,,,,,,,,,,,,,
Residential property with asking price under $9,200000,property,,,,,9200000,,,,,,,,,,,,,,,,,
Looking for a car wash with acreage between 2 and 120 acres,car wash,120,2,,,,,,,,,,,,,,,,,,,,,
Gas station for sale with cap rate above 51%,Gas station,,,,,,,51,,,,,,,,,,,,,,,,
Looking for a hotel with 7,000 or more rooms,hotel,,,,,,,,,,,,,,,,,,,,,,
Searching for a farm with asking price under $23,000000,farm,,,,,,23000000,,,,,,,,,,,,,,,,
Medical office building with cap rate between 50% and 54%,building,,,,,,,50,54,,,,,,,,,,,,,,,
Industrial property for sale with at least 21,000000 sq ft,property,,,,21000000,,,,,,,,,,,,,,,,,,
Commercial property,commercial,,,,,,,,,,,,,,,,,,,,,,,
Searching for an office space with 245,000 sq ft or more,space,,,,245000,,,,,,,,,,,,,,,,,,
Residential property with asking price under $9,400000,property,,,,,9400000,,,,,,,,,,,,,,,,,
Looking for a property with 350 acres,,,,,,350,,,,,,,,,,,,,,,,,,
Seeking properties between 2,400000 and 2,500000 sq ft,,,,,2500000,2400000,,,,,,,,,,,,,,,,
Restaurant for sale with asking price of $2,600000,Restaurant,,,,,,2600000,,,,,,,,,,,,,,,,
Looking for a commercial property with cap rate above 31%,property,,,,,,,31,,,,,,,,,,,,,,,,
Industrial property,industrial,,,,,,,,,,,,,,,,,,,,,,,
Office space with minimum 12,500 sq ft,office,,,,12500,,,,,,,,,,,,,,,,,,
Vacant land for sale in opportunity zone,land,,,,,,,,,,,true,,,,,,,,,,,,
Searching for a warehouse with 2,600000 sq ft or more,warehouse,,2600000,,,,,,,,,,,,,,,,,,,,
Residential property with asking price between $2,700000 and $2,800000,residential,,,,,2800000,2700000,,,,,,,,,,,,,,,
Looking for a car wash with acreage between 5 and 10 acres,car wash,10,5,,,,,,,,,,,,,,,,,,,,,
Gas station for sale with cap rate above 52%,Gas station,,,,,,,52,,,,,,,,,,,,,,,,
Looking for a hotel with 7,200 or more rooms,hotel,,,,,,,,,,,,,,,,,,,,,,
Searching for a farm with asking price under $24,000000,farm,,24000000,24000000,,,,,,,,,,,,,,,,,,,
Medical office building with cap rate between 51% and 55%,building,,,,,,,51,55,,,,,,,,,,,,,,,
Industrial property for sale with at least 21,500000 sq ft,property,,,,21500000,,,,,,,,,,,,,,,,,,
Commercial property,commercial,,,,,,,,,,,,,,,,,,,,,,,
Searching for an office space with 250000 sq ft or more,space,,,,250000,,,,,,,,,,,,,,,,,,,
Residential property with asking price under $9,600000,property,,,,,9600000,,,,,,,,,,,,,,,,,
Looking for a car wash with acreage between 2 and 125 acres,car wash,125,2,,,,,,,,,,,,,,,,,,,,,
Gas station for sale with cap rate above 53%,Gas station,,,,,,,53,,,,,,,,,,,,,,,,
Looking for a hotel with 7,400 or more rooms,hotel,,,,,,,,,,,,,,,,,,,,,,
Searching for a farm with asking price under $25,000000,farm,,,,,,25000000,,,,,,,,,,,,,,,,
Medical office building with cap rate between 52% and 56%,building,,,,,,,52,56,,,,,,,,,,,,,,,
Industrial property for sale with at least 22,000000 sq ft,property,,,,22000000,,,,,,,,,,,,,,,,,,
Commercial property,commercial,,,,,,,,,,,,,,,,,,,,,,,
Searching for an office space with 255,000 sq ft or more,space,,,,255000,,,,,,,,,,,,,,,,,,
Residential property with asking price under $9,800000,property,,,,,9800000,,,,,,,,,,,,,,,,,
Looking for a property with 370 acres,,,,,,370,,,,,,,,,,,,,,,,,,
Seeking properties between 2,500000 and 2,600000 sq ft,,,,,2600000,2500000,,,,,,,,,,,,,,,,
Restaurant for sale with asking price of $2,800000,Restaurant,,,,,,2800000,,,,,,,,,,,,,,,,
Looking for a commercial property with cap rate above 32%,property,,,,,,,32,,,,,,,,,,,,,,,,
Industrial property,industrial,,,,,,,,,,,,,,,,,,,,,,,
Office space with minimum 13,000 sq ft,office,,,,13000,,,,,,,,,,,,,,,,,,
Vacant land for sale in opportunity zone,land,,,,,,,,,,,true,,,,,,,,,,,,
Searching for a warehouse with 2,700000 sq ft or more,warehouse,,2700000,,,,,,,,,,,,,,,,,,,,
Residential property with asking price between $2,900000 and $3,000000,residential,,,,,3000000,2900000,,,,,,,,,,,,,,,
Looking for a car wash with acreage between 5 and 10 acres,car wash,10,5,,,,,,,,,,,,,,,,,,,,,
Gas station for sale with cap rate above 54%,Gas station,,,,,,,54,,,,,,,,,,,,,,,,
Looking for a hotel with 7,600 or more rooms,hotel,,,,,,,,,,,,,,,,,,,,,,
Searching for a farm with asking price under $26,000000,farm,,26000000,26000000,,,,,,,,,,,,,,,,,,,
Medical office building with cap rate between 53% and 57%,building,,,,,,,53,57,,,,,,,,,,,,,,,
Industrial property for sale with at least 22,500000 sq ft,property,,,,22500000,,,,,,,,,,,,,,,,,,
Commercial property,commercial,,,,,,,,,,,,,,,,,,,,,,,
Searching for an office space with 260000 sq ft or more,space,,,,260000,,,,,,,,,,,,,,,,,,,
Residential property with asking price under $10000000,property,,,,,10000000,,,,,,,,,,,,,,,,,,
Looking for a car wash with acreage between 2 and 130 acres,car wash,130,2,,,,,,,,,,,,,,,,,,,,,
Gas station for sale with cap rate above 55%,Gas station,,,,,,,55,,,,,,,,,,,,,,,,
Looking for a hotel with 7,800 or more rooms,hotel,,,,,,,,,,,,,,,,,,,,,,
Searching for a farm with asking price under $27,000000,farm,,,,,,27000000,,,,,,,,,,,,,,,,
Medical office building with cap rate between 54% and 58%,building,,,,,,,54,58,,,,,,,,,,,,,,,
Industrial property for sale with at least 23,000000 sq ft,property,,,,23000000,,,,,,,,,,,,,,,,,,
Commercial property,commercial,,,,,,,,,,,,,,,,,,,,,,,
Searching for an office space with 265,000 sq ft or more,space,,,,265000,,,,,,,,,,,,,,,,,,
Residential property with asking price under $10,200000,property,,,,,10200000,,,,,,,,,,,,,,,,,
Looking for a property with 390 acres,,,,,,390,,,,,,,,,,,,,,,,,,
Seeking properties between 2,600000 and 2,700000 sq ft,,,,,2700000,2600000,,,,,,,,,,,,,,,,
Restaurant for sale with asking price of $2,900000,Restaurant,,,,,,2900000,,,,,,,,,,,,,,,,
Looking for a commercial property with cap rate above 33%,property,,,,,,,33,,,,,,,,,,,,,,,,
Industrial property,industrial,,,,,,,,,,,,,,,,,,,,,,,
Office space with minimum 13,500 sq ft,office,,,,13500,,,,,,,,,,,,,,,,,,
Vacant land for sale in opportunity zone,land,,,,,,,,,,,true,,,,,,,,,,,,
Searching for a warehouse with 2,800000 sq ft or more,warehouse,,2800000,,,,,,,,,,,,,,,,,,,,
Residential property with asking price between $3,000000 and $3,100000,residential,,,,,3100000,3000000,,,,,,,,,,,,,,,
Looking for a car wash with acreage between 5 and 10 acres,car wash,10,5,,,,,,,,,,,,,,,,,,,,,
Gas station for sale with cap rate above 56%,Gas station,,,,,,,56,,,,,,,,,,,,,,,,
Looking for a hotel with 8,000 or more rooms,hotel,,,,,,,,,,,,,,,,,,,,,,
Searching for a farm with asking price under $28,000000,farm,,28000000,28000000,,,,,,,,,,,,,,,,,,,
Medical office building with cap rate between 55% and 59%,building,,,,,,,55,59,,,,,,,,,,,,,,,
Industrial property for sale with at least 23,500000 sq ft,property,,,,23500000,,,,,,,,,,,,,,,,,,
Commercial property,commercial,,,,,,,,,,,,,,,,,,,,,,,
Searching for an office space with 270000 sq ft or more,space,,,,270000,,,,,,,,,,,,,,,,,,,
Residential property with asking price under $10,400000,property,,,,,10400000,,,,,,,,,,,,,,,,,
Looking for a car wash with acreage between 2 and 135 acres,car wash,135,2,,,,,,,,,,,,,,,,,,,,,
Gas station for sale with cap rate above 57%,Gas station,,,,,,,57,,,,,,,,,,,,,,,,
Looking for a hotel with 8,200 or more rooms,hotel,,,,,,,,,,,,,,,,,,,,,,
Searching for a farm with asking price under $29,000000,farm,,,,,,29000000,,,,,,,,,,,,,,,,
Medical office building with cap rate between 56% and 60%,building,,,,,,,56,60,,,,,,,,,,,,,,,
Industrial property for sale with at least 24,000000 sq ft,property,,,,24000000,,,,,,,,,,,,,,,,,,
Commercial property,commercial,,,,,,,,,,,,,,,,,,,,,,,
Searching for an office space with 275,000 sq ft or more,space,,,,275000,,,,,,,,,,,,,,,,,,
Residential property with asking price under $10,600000,property,,,,,10600000,,,,,,,,,,,,,,,,,
Looking for a property with 410 acres,,,,,,410,,,,,,,,,,,,,,,,,,
Seeking properties between 2,700000 and 2,800000 sq ft,,,,,2800000,2700000,,,,,,,,,,,,,,,,
Restaurant for sale with asking price of $3,000000,Restaurant,,,,,,3000000,,,,,,,,,,,,,,,,
Looking for a commercial property with cap rate above 34%,property,,,,,,,34,,,,,,,,,,,,,,,,
Industrial property,industrial,,,,,,,,,,,,,,,,,,,,,,,
Office space with minimum 14,000 sq ft,office,,,,14000,,,,,,,,,,,,,,,,,,
Vacant land for sale in opportunity zone,land,,,,,,,,,,,true,,,,,,,,,,,,
Searching for a warehouse with 2,900000 sq ft or more,warehouse,,2900000,,,,,,,,,,,,,,,,,,,,
Residential property with asking price between $3,100000 and $3,200000,residential,,,,,3200000,3100000,,,,,,,,,,,,,,,
Looking for a car wash with acreage between 5 and 10 acres,car wash,10,5,,,,,,,,,,,,,,,,,,,,,
Gas station for sale with cap rate above 58%,Gas station,,,,,,,58,,,,,,,,,,,,,,,,
Looking for a hotel with 8,400 or more rooms,hotel,,,,,,,,,,,,,,,,,,,,,,
Searching for a farm with asking price under $30000000,farm,,30000000,30000000,,,,,,,,,,,,,,,,,,,,
Medical office building with cap rate between 57% and 61%,building,,,,,,,57,61,,,,,,,,,,,,,,,
Industrial property for sale with at least 24,500000 sq ft,property,,,,24500000,,,,,,,,,,,,,,,,,,
Commercial property,commercial,,,,,,,,,,,,,,,,,,,,,,,
Searching for an office space with 280000 sq ft or more,space,,,,280000,,,,,,,,,,,,,,,,,,,
Residential property with asking price under $10,800000,property,,,,,10800000,,,,,,,,,,,,,,,,,
Looking for a car wash with acreage between 2 and 140 acres,car wash,140,2,,,,,,,,,,,,,,,,,,,,,
Gas station for sale with cap rate above 59%,Gas station,,,,,,,59,,,,,,,,,,,,,,,,
Looking for a hotel with 8,600 or more rooms,hotel,,,,,,,,,,,,,,,,,,,,,,
Searching for a farm with asking price under $31,000000,farm,,,,,,31000000,,,,,,,,,,,,,,,,
Medical office building with cap rate between 58% and 62%,building,,,,,,,58,62,,,,,,,,,,,,,,,
Industrial property for sale with at least 25,000000 sq ft,property,,,,25000000,,,,,,,,,,,,,,,,,,
Commercial property,commercial,,,,,,,,,,,,,,,,,,,,,,,
Searching for an office space with 285,000 sq ft or more,space,,,,285000,,,,,,,,,,,,,,,,,,
Residential property with asking price under $11,000000,property,,,,,11000000,,,,,,,,,,,,,,,,,
Looking for a property with 430 acres,,,,,,430,,,,,,,,,,,,,,,,,,
Seeking properties between 2,800000 and 2,900000 sq ft,,,,,2900000,2800000,,,,,,,,,,,,,,,,
Restaurant for sale with asking price of $3,100000,Restaurant,,,,,,3100000,,,,,,,,,,,,,,,,
Looking for a commercial property with cap rate above 35%,property,,,,,,,35,,,,,,,,,,,,,,,,
Industrial property,industrial,,,,,,,,,,,,,,,,,,,,,,,
Office space with minimum 14,500 sq ft,office,,,,14500,,,,,,,,,,,,,,,,,,
Vacant land for sale in opportunity zone,land,,,,,,,,,,,true,,,,,,,,,,,,
Searching for a warehouse with 3,000000 sq ft or more,warehouse,,3000000,,,,,,,,,,,,,,,,,,,,
Residential property with asking price between $3,200000 and $3,300000,residential,,,,,3300000,3200000,,,,,,,,,,,,,,,
Looking for a car wash with acreage between 5 and 10 acres,car wash,10,5,,,,,,,,,,,,,,,,,,,,,
Gas station for sale with cap rate above 60%,Gas station,,,,,,,60,,,,,,,,,,,,,,,,
Looking for a hotel with 8,800 or more rooms,hotel,,,,,,,,,,,,,,,,,,,,,,
Searching for a farm with asking price under $32,000000,farm,,32000000,32000000,,,,,,,,,,,,,,,,,,,
Medical office building with cap rate between 59% and 63%,building,,,,,,,59,63,,,,,,,,,,,,,,,
Industrial property for sale with at least 25,500000 sq ft,property,,,,25500000,,,,,,,,,,,,,,,,,,
Commercial property,commercial,,,,,,,,,,,,,,,,,,,,,,,
Searching for an office space with 290000 sq ft or more,space,,,,290000,,,,,,,,,,,,,,,,,,,
Residential property with asking price under $11,200000,property,,,,,11200000,,,,,,,,,,,,,,,,,
Looking for a car wash with acreage between 2 and 145 acres,car wash,145,2,,,,,,,,,,,,,,,,,,,,,
Gas station for sale with cap rate above 61%,Gas station,,,,,,,61,,,,,,,,,,,,,,,,
Looking for a hotel with 9,000 or more rooms,hotel,,,,,,,,,,,,,,,,,,,,,,
Searching for a farm with asking price under $33,000000,farm,,,,,,33000000,,,,,,,,,,,,,,,,
Medical office building with cap rate between 60% and 64%,building,,,,,,,60,64,,,,,,,,,,,,,,,
Industrial property for sale with at least 26,000000 sq ft,property,,,,26000000,,,,,,,,,,,,,,,,,,
Commercial property,commercial,,,,,,,,,,,,,,,,,,,,,,,
Searching for an office space with 295,000 sq ft or more,space,,,,295000,,,,,,,,,,,,,,,,,,
Residential property with asking price under $11,400000,property,,,,,11400000,,,,,,,,,,,,,,,,,
Looking for a property with 450 acres,,,,,,450,,,,,,,,,,,,,,,,,,
Seeking properties between 2,900000 and 3,000000 sq ft,,,,,3000000,2900000,,,,,,,,,,,,,,,,
Restaurant for sale with asking price of $3,300000,Restaurant,,,,,,3300000,,,,,,,,,,,,,,,,
Looking for a commercial property with cap rate above 36%,property,,,,,,,36,,,,,,,,,,,,,,,,
Industrial property,industrial,,,,,,,,,,,,,,,,,,,,,,,
Office space with minimum 15,000 sq ft,office,,,,15000,,,,,,,,,,,,,,,,,,
Vacant land for sale in opportunity zone,land,,,,,,,,,,,true,,,,,,,,,,,,
Searching for a warehouse with 3,100000 sq ft or more,warehouse,,3100000,,,,,,,,,,,,,,,,,,,,
Residential property with asking price between $3,300000 and $3,400000,residential,,,,,3400000,3300000,,,,,,,,,,,,,,,
Looking for a car wash with acreage between 5 and 10 acres,car wash,10,5,,,,,,,,,,,,,,,,,,,,,
Gas station for sale with cap rate above 62%,Gas station,,,,,,,62,,,,,,,,,,,,,,,,
Looking for a hotel with 9,200 or more rooms,hotel,,,,,,,,,,,,,,,,,,,,,,
Searching for a farm with asking price under $34,000000,farm,,34000000,34000000,,,,,,,,,,,,,,,,,,,
Medical office building with cap rate between 61% and 65%,building,,,,,,,61,65,,,,,,,,,,,,,,,
Industrial property for sale with at least 26,500000 sq ft,property,,,,26500000,,,,,,,,,,,,,,,,,,
Commercial property,commercial,,,,,,,,,,,,,,,,,,,,,,,
Searching for an office space with 300000 sq ft or more,space,,,,300000,,,,,,,,,,,,,,,,,,,
Residential property with asking price under $11,600000,property,,,,,11600000,,,,,,,,,,,,,,,,,
Looking for a car wash with acreage between 2 and 150 acres,car wash,150,2,,,,,,,,,,,,,,,,,,,,,
Gas station for sale with cap rate above 63%,Gas station,,,,,,,63,,,,,,,,,,,,,,,,
Looking for a hotel with 9,400 or more rooms,hotel,,,,,,,,,,,,,,,,,,,,,,
Searching for a farm with asking price under $35,000000,farm,,,,,,35000000,,,,,,,,,,,,,,,,
Medical office building with cap rate between 62% and 66%,building,,,,,,,62,66,,,,,,,,,,,,,,,
Industrial property for sale with at least 27,000000 sq ft,property,,,,27000000,,,,,,,,,,,,,,,,,,
Commercial property,commercial,,,,,,,,,,,,,,,,,,,,,,,
Searching for an office space with 305,000 sq ft or more,space,,,,305000,,,,,,,,,,,,,,,,,,
Residential property with asking price under $11,800000,property,,,,,11800000,,,,,,,,,,,,,,,,,
Looking for a property with 470 acres,,,,,,470,,,,,,,,,,,,,,,,,,
Seeking properties between 3,000000 and 3,100000 sq ft,,,,,3100000,3000000,,,,,,,,,,,,,,,,
Restaurant for sale with asking price of $3,400000,Restaurant,,,,,,3400000,,,,,,,,,,,,,,,,
Looking for a commercial property with cap rate above 37%,property,,,,,,,37,,,,,,,,,,,,,,,,
Industrial property,industrial,,,,,,,,,,,,,,,,,,,,,,,
Office space with minimum 15,500 sq ft,office,,,,15500,,,,,,,,,,,,,,,,,,
Vacant land for sale in opportunity zone,land,,,,,,,,,,,true,,,,,,,,,,,,
Searching for a warehouse with 3,200000 sq ft or more,warehouse,,3200000,,,,,,,,,,,,,,,,,,,,
Residential property with asking price between $3,400000 and $3,500000,residential,,,,,3500000,3400000,,,,,,,,,,,,,,,
Looking for a car wash with acreage between 5 and 10 acres,car wash,10,5,,,,,,,,,,,,,,,,,,,,,
Gas station for sale with cap rate above 64%,Gas station,,,,,,,64,,,,,,,,,,,,,,,,
Looking for a hotel with 9,600 or more rooms,hotel,,,,,,,,,,,,,,,,,,,,,,
Searching for a farm with asking price under $36,000000,farm,,36000000,36000000,,,,,,,,,,,,,,,,,,,
Medical office building with cap rate between 63% and 67%,building,,,,,,,63,67,,,,,,,,,,,,,,,
Industrial property for sale with at least 27,500000 sq ft,property,,,,27500000,,,,,,,,,,,,,,,,,,
Commercial property,commercial,,,,,,,,,,,,,,,,,,,,,,,
Searching for an office space with 310000 sq ft or more,space,,,,310000,,,,,,,,,,,,,,,,,,,
Residential property with asking price under $12,000000,property,,,,,12000000,,,,,,,,,,,,,,,,,
Looking for a car wash with acreage between 2 and 155 acres,car wash,155,2,,,,,,,,,,,,,,,,,,,,,
Gas station for sale with cap rate above 65%,Gas station,,,,,,,65,,,,,,,,,,,,,,,,
Looking for a hotel with 10000 or more rooms,hotel,,,,,,,,,,10000,,,,,,,,,,,,,
Searching for a farm with asking price under $37,000000,farm,,,,,,37000000,,,,,,,,,,,,,,,,
Medical office building with cap rate between 64% and 68%,building,,,,,,,64,68,,,,,,,,,,,,,,,
Industrial property for sale with at least 28,000000 sq ft,property,,,,28000000,,,,,,,,,,,,,,,,,,
Commercial property,commercial,,,,,,,,,,,,,,,,,,,,,,,
Searching for an office space with 315,000 sq ft or more,space,,,,315000,,,,,,,,,,,,,,,,,,
Residential property with asking price under $12,200000,property,,,,,12200000,,,,,,,,,,,,,,,,,
Looking for a property with 490 acres,,,,,,490,,,,,,,,,,,,,,,,,,
Seeking properties between 3,100000 and 3,200000 sq ft,,,,,3200000,3100000,,,,,,,,,,,,,,,,
Restaurant for sale with asking price of $3,500000,Restaurant,,,,,,3500000,,,,,,,,,,,,,,,,
Looking for a commercial property with cap rate above 38%,property,,,,,,,38,,,,,,,,,,,,,,,,
Industrial property,industrial,,,,,,,,,,,,,,,,,,,,,,,
Office space with minimum 16,000 sq ft,office,,,,16000,,,,,,,,,,,,,,,,,,
Vacant land for sale in opportunity zone,land,,,,,,,,,,,true,,,,,,,,,,,,
Searching for a warehouse with 3,300000 sq ft or more,warehouse,,3300000,,,,,,,,,,,,,,,,,,,,
Residential property with asking price between $3,500000 and $3,600000,residential,,,,,3600000,3500000,,,,,,,,,,,,,,,
Looking for a car wash with acreage between 5 and 10 acres,car wash,10,5,,,,,,,,,,,,,,,,,,,,,
Gas station for sale with cap rate above 66%,Gas station,,,,,,,66,,,,,,,,,,,,,,,,
Looking for a hotel with 10,200 or more rooms,hotel,,,,,,,,,,,,,,,,,,,,,,
Searching for a farm with asking price under $38,000000,farm,,38000000,38000000,,,,,,,,,,,,,,,,,,,
Medical office building with cap rate between 65% and 69%,building,,,,,,,65,69,,,,,,,,,,,,,,,
Industrial property for sale with at least 28,500000 sq ft,property,,,,28500000,,,,,,,,,,,,,,,,,,
Commercial property,commercial,,,,,,,,,,,,,,,,,,,,,,,
Searching for an office space with 320000 sq ft or more,space,,,,320000,,,,,,,,,,,,,,,,,,,
Residential property with asking price under $12,400000,property,,,,,12400000,,,,,,,,,,,,,,,,,
Looking for a car wash with acreage between 2 and 160 acres,car wash,160,2,,,,,,,,,,,,,,,,,,,,,
Gas station for sale with cap rate above 67%,Gas station,,,,,,,67,,,,,,,,,,,,,,,,
Looking for a hotel with 10,400 or more rooms,hotel,,,,,,,,,,,,,,,,,,,,,,
Searching for a farm with asking price under $39,000000,farm,,,,,,39000000,,,,,,,,,,,,,,,,
Medical office building with cap rate between 66% and 70%,building,,,,,,,66,70,,,,,,,,,,,,,,,
Industrial property for sale with at least 29,000000 sq ft,property,,,,29000000,,,,,,,,,,,,,,,,,,
Commercial property,commercial,,,,,,,,,,,,,,,,,,,,,,,
Searching for an office space with 325,000 sq ft or more,space,,,,325000,,,,,,,,,,,,,,,,,,
Residential property with asking price under $12,600000,property,,,,,12600000,,,,,,,,,,,,,,,,,
Looking for a property with 510 acres,,,,,,510,,,,,,,,,,,,,,,,,,
Seeking properties between 3,200000 and 3,300000 sq ft,,,,,3300000,3200000,,,,,,,,,,,,,,,,
Restaurant for sale with asking price of $3,600000,Restaurant,,,,,,3600000,,,,,,,,,,,,,,,,
Looking for a commercial property with cap rate above 39%,property,,,,,,,39,,,,,,,,,,,,,,,,
Industrial property,industrial,,,,,,,,,,,,,,,,,,,,,,,
Office space with minimum 16,500 sq ft,office,,,,16500,,,,,,,,,,,,,,,,,,
Vacant land for sale in opportunity zone,land,,,,,,,,,,,true,,,,,,,,,,,,
Searching for a warehouse with 3,400000 sq ft or more,warehouse,,3400000,,,,,,,,,,,,,,,,,,,,
Residential property with asking price between $3,600000 and $3,700000,residential,,,,,3700000,3600000,,,,,,,,,,,,,,,
Looking for a car wash with acreage between 5 and 10 acres,car wash,10,5,,,,,,,,,,,,,,,,,,,,,
Gas station for sale with cap rate above 68%,Gas station,,,,,,,68,,,,,,,,,,,,,,,,
Looking for a hotel with 10,600 or more rooms,hotel,,,,,,,,,,,,,,,,,,,,,,
Searching for a farm with asking price under $40000000,farm,,40000000,40000000,,,,,,,,,,,,,,,,,,,,
Medical office building with cap rate between 67% and 71%,building,,,,,,,67,71,,,,,,,,,,,,,,,
Industrial property for sale with at least 29,500000 sq ft,property,,,,29500000,,,,,,,,,,,,,,,,,,
Commercial property,commercial,,,,,,,,,,,,,,,,,,,,,,,
Searching for an office space with 330000 sq ft or more,space,,,,330000,,,,,,,,,,,,,,,,,,,
Residential property with asking price under $12,800000,property,,,,,12800000,,,,,,,,,,,,,,,,,
Looking for a car wash with acreage between 2 and 165 acres,car wash,165,2,,,,,,,,,,,,,,,,,,,,,
Gas station for sale with cap rate above 69%,Gas station,,,,,,,69,,,,,,,,,,,,,,,,
Looking for a hotel with 10,800 or more rooms,hotel,,,,,,,,,,,,,,,,,,,,,,
Searching for a farm with asking price under $41,000000,farm,,,,,,41000000,,,,,,,,,,,,,,,,
Medical office building with cap rate between 68% and 72%,building,,,,,,,68,72,,,,,,,,,,,,,,,
Industrial property for sale with at least 30000000 sq ft,property,,,,30000000,,,,,,,,,,,,,,,,,,,
Commercial property,commercial,,,,,,,,,,,,,,,,,,,,,,,
Searching for an office space with 335,000 sq ft or more,space,,,,335000,,,,,,,,,,,,,,,,,,
Residential property with asking price under $13,000000,property,,,,,13000000,,,,,,,,,,,,,,,,,
Looking for a property with 530 acres,,,,,,530,,,,,,,,,,,,,,,,,,
Seeking properties between 3,300000 and 3,400000 sq ft,,,,,3400000,3300000,,,,,,,,,,,,,,,,
Restaurant for sale with asking price of $3,700000,Restaurant,,,,,,3700000,,,,,,,,,,,,,,,,
Looking for a commercial property with cap rate above 40%,property,,,,,,,40,,,,,,,,,,,,,,,,
Industrial property,industrial,,,,,,,,,,,,,,,,,,,,,,,
Office space with minimum 17,000 sq ft,office,,,,17000,,,,,,,,,,,,,,,,,,
Vacant land for sale in opportunity zone,land,,,,,,,,,,,true,,,,,,,,,,,,
Searching for a warehouse with 3,500000 sq ft or more,warehouse,,3500000,,,,,,,,,,,,,,,,,,,,
Residential property with asking price between $3,700000 and $3,800000,residential,,,,,3800000,3700000,,,,,,,,,,,,,,,
Looking for a car wash with acreage between 5 and 10 acres,car wash,10,5,,,,,,,,,,,,,,,,,,,,,
Gas station for sale with cap rate above 70%,Gas station,,,,,,,70,,,,,,,,,,,,,,,,
Looking for a hotel with 11,000 or more rooms,hotel,,,,,,,,,,,,,,,,,,,,,,
Searching for a farm with asking price under $42,000000,farm,,42000000,42000000,,,,,,,,,,,,,,,,,,,
Medical office building with cap rate between 69% and 73%,building,,,,,,,69,73,,,,,,,,,,,,,,,
Industrial property for sale with at least 30,500000 sq ft,property,,,,30500000,,,,,,,,,,,,,,,,,,
Commercial property,commercial,,,,,,,,,,,,,,,,,,,,,,,
Searching for an office space with 340000 sq ft or more,space,,,,340000,,,,,,,,,,,,,,,,,,,
Residential property with asking price under $13,200000,property,,,,,13200000,,,,,,,,,,,,,,,,,
Looking for a car wash with acreage between 2 and 170 acres,car wash,170,2,,,,,,,,,,,,,,,,,,,,,
Gas station for sale with cap rate above 71%,Gas station,,,,,,,71,,,,,,,,,,,,,,,,
Looking for a hotel with 11,200 or more rooms,hotel,,,,,,,,,,,,,,,,,,,,,,
Searching for a farm with asking price under $43,000000,farm,,,,,,43000000,,,,,,,,,,,,,,,,
Medical office building with cap rate between 70% and 74%,building,,,,,,,70,74,,,,,,,,,,,,,,,
Industrial property for sale with at least 31,000000 sq ft,property,,,,31000000,,,,,,,,,,,,,,,,,,
Commercial property,commercial,,,,,,,,,,,,,,,,,,,,,,,
Searching for an office space with 345,000 sq ft or more,space,,,,345000,,,,,,,,,,,,,,,,,,
Residential property with asking price under $13,400000,property,,,,,13400000,,,,,,,,,,,,,,,,,
Looking for a property with 550 acres,,,,,,550,,,,,,,,,,,,,,,,,,
Seeking properties between 3,400000 and 3,500000 sq ft,,,,,3500000,3400000,,,,,,,,,,,,,,,,
Restaurant for sale with asking price of $3,800000,Restaurant,,,,,,3800000,,,,,,,,,,,,,,,,
Looking for a commercial property with cap rate above 41%,property,,,,,,,41,,,,,,,,,,,,,,,,
Industrial property,industrial,,,,,,,,,,,,,,,,,,,,,,,
Office space with minimum 17,500 sq ft,office,,,,17500,,,,,,,,,,,,,,,,,,
Vacant land for sale in opportunity zone,land,,,,,,,,,,,true,,,,,,,,,,,,
Searching for a warehouse with 3,600000 sq ft or more,warehouse,,3600000,,,,,,,,,,,,,,,,,,,,
Residential property with asking price between $3,800000 and $3,900000,residential,,,,,3900000,3800000,,,,,,,,,,,,,,,
Looking for a car wash with acreage between 5 and 10 acres,car wash,10,5,,,,,,,,,,,,,,,,,,,,,
Gas station for sale with cap rate above 72%,Gas station,,,,,,,72,,,,,,,,,,,,,,,,
Looking for a hotel with 11,400 or more rooms,hotel,,,,,,,,,,,,,,,,,,,,,,
Searching for a farm with asking price under $44,000000,farm,,44000000,44000000,,,,,,,,,,,,,,,,,,,
Medical office building with cap rate between 71% and 75%,building,,,,,,,71,75,,,,,,,,,,,,,,,
Industrial property for sale with at least 31,500000 sq ft,property,,,,31500000,,,,,,,,,,,,,,,,,,
Commercial property,commercial,,,,,,,,,,,,,,,,,,,,,,,
Searching for an office space with 350000 sq ft or more,space,,,,350000,,,,,,,,,,,,,,,,,,,
Residential property with asking price under $13,600000,property,,,,,13600000,,,,,,,,,,,,,,,,,
Looking for a car wash with acreage between 2 and 175 acres,car wash,175,2,,,,,,,,,,,,,,,,,,,,,
Gas station for sale with cap rate above 73%,Gas station,,,,,,,73,,,,,,,,,,,,,,,,
Looking for a hotel with 11,600 or more rooms,hotel,,,,,,,,,,,,,,,,,,,,,,
Searching for a farm with asking price under $45,000000,farm,,,,,,45000000,,,,,,,,,,,,,,,,
Medical office building with cap rate between 72% and 76%,building,,,,,,,72,76,,,,,,,,,,,,,,,
Industrial property for sale with,,,,3600000,3500000,,,,,,,,900000,Restaurant,,,,,,3900000,,,,
Looking for a commercial property with cap rate above 42%,property,,,,,,,42,,,,,,,,,,,,,,,,
Industrial property,industrial,,,,,,,,,,,,,,,,,,,,,,,
Office space with minimum 18,000 sq ft,office,,,,18000,,,,,,,,,,,,,,,,,,
Vacant land for sale in opportunity zone,land,,,,,,,,,,,true,,,,,,,,,,,,
Searching for a warehouse with 3,700000 sq ft or more,warehouse,,3700000,,,,,,,,,,,,,,,,,,,,
Residential property with asking price between $3,900000 and $4,000000,residential,,,,,4000000,3900000,,,,,,,,,,,,,,,
Looking for a car wash with acreage between 5 and 10 acres,car wash,10,5,,,,,,,,,,,,,,,,,,,,,
Gas station for sale with cap rate above 74%,Gas station,,,,,,,74,,,,,,,,,,,,,,,,
Looking for a hotel with 11,800 or more rooms,hotel,,,,,,,,,,,,,,,,,,,,,,
Searching for a farm with asking price under $46,000000,farm,,46000000,46000000,,,,,,,,,,,,,,,,,,,
Medical office building with cap rate between 73% and 77%,building,,,,,,,73,77,,,,,,,,,,,,,,,
Industrial property for sale with at least 32,500000 sq ft,property,,,,32500000,,,,,,,,,,,,,,,,,,
Commercial property,commercial,,,,,,,,,,,,,,,,,,,,,,,
Searching for an office space with 360000 sq ft or more,space,,,,360000,,,,,,,,,,,,,,,,,,,
Residential property with asking price under $14,000000,property,,,,,14000000,,,,,,,,,,,,,,,,,
Looking for a car wash with acreage between 2 and 180 acres,car wash,180,2,,,,,,,,,,,,,,,,,,,,,
Gas station for sale with cap rate above 75%,Gas station,,,,,,,75,,,,,,,,,,,,,,,,
Looking for a hotel with 12,000 or more rooms,hotel,,,,,,,,,,,,,,,,,,,,,,
Searching for a farm with asking price under $47,000000,farm,,,,,,47000000,,,,,,,,,,,,,,,,
Medical office building with cap rate between 74% and 78%,building,,,,,,,74,78,,,,,,,,,,,,,,,
Industrial property for sale with at least 33,000000 sq ft,property,,,,33000000,,,,,,,,,,,,,,,,,,
Commercial property,commercial,,,,,,,,,,,,,,,,,,,,,,,
Searching for an office space with 365,000 sq ft or more,space,,,,365000,,,,,,,,,,,,,,,,,,
Residential property with asking price under $14,200000,property,,,,,14200000,,,,,,,,,,,,,,,,,
Looking for a property with 590 acres,,,,,,590,,,,,,,,,,,,,,,,,,
Seeking properties between 3,600000 and 3,700000 sq ft,,,,,3700000,3600000,,,,,,,,,,,,,,,,
Restaurant for sale with asking price of $4,000000,Restaurant,,,,,,4000000,,,,,,,,,,,,,,,,
Looking for a commercial property with cap rate above 43%,property,,,,,,,43,,,,,,,,,,,,,,,,
Industrial property,industrial,,,,,,,,,,,,,,,,,,,,,,,
Office space with minimum 18,500 sq ft,office,,,,18500,,,,,,,,,,,,,,,,,,
Vacant land for sale in opportunity zone,land,,,,,,,,,,,true,,,,,,,,,,,,
Searching for a warehouse with 3,800000 sq ft or more,warehouse,,3800000,,,,,,,,,,,,,,,,,,,,
Residential property with asking price between $4,000000 and $4,100000,residential,,,,,4100000,4000000,,,,,,,,,,,,,,,
Looking for a car wash with acreage between 5 and 10 acres,car wash,10,5,,,,,,,,,,,,,,,,,,,,,
Gas station for sale with cap rate above 76%,Gas station,,,,,,,76,,,,,,,,,,,,,,,,
Looking for a hotel with 12,200 or more rooms,hotel,,,,,,,,,,,,,,,,,,,,,,
Searching for a farm with asking price under $48,000000,farm,,48000000,48000000,,,,,,,,,,,,,,,,,,,
Medical office building with cap rate between 75% and 79%,building,,,,,,,75,79,,,,,,,,,,,,,,,
Industrial property for sale with at least 33,500000 sq ft,property,,,,33500000,,,,,,,,,,,,,,,,,,
Commercial property,commercial,,,,,,,,,,,,,,,,,,,,,,,
Searching for an office space with 370000 sq ft or more,space,,,,370000,,,,,,,,,,,,,,,,,,,
Residential property with asking price under $14,400000,property,,,,,14400000,,,,,,,,,,,,,,,,,
Looking for a car wash with acreage between 2 and 185 acres,car wash,185,2,,,,,,,,,,,,,,,,,,,,,
Gas station for sale with cap rate above 77%,Gas station,,,,,,,77,,,,,,,,,,,,,,,,
Looking for a hotel with 12,400 or more rooms,hotel,,,,,,,,,,,,,,,,,,,,,,
Searching for a farm with asking price under $49,000000,farm,,,,,,49000000,,,,,,,,,,,,,,,,
Medical office building with cap rate between 76% and 80%,building,,,,,,,76,80,,,,,,,,,,,,,,,
Industrial property for sale with at least 34,000000 sq ft,property,,,,34000000,,,,,,,,,,,,,,,,,,
Commercial property,commercial,,,,,,,,,,,,,,,,,,,,,,,
Searching for an office space with 375,000 sq ft or more,space,,,,375000,,,,,,,,,,,,,,,,,,
Residential property with asking price under $14,600000,property,,,,,14600000,,,,,,,,,,,,,,,,,
Looking for a property with 610 acres,,,,,,610,,,,,,,,,,,,,,,,,,
Seeking properties between 3,700000 and 3,800000 sq ft,,,,,3800000,3700000,,,,,,,,,,,,,,,,
Restaurant for sale with asking price of $4,100000,Restaurant,,,,,,4100000,,,,,,,,,,,,,,,,
Looking for a commercial property with cap rate above 44%,property,,,,,,,44,,,,,,,,,,,,,,,,
Industrial property,industrial,,,,,,,,,,,,,,,,,,,,,,,
Office space with minimum 19,000 sq ft,office,,,,19000,,,,,,,,,,,,,,,,,,
Vacant land for sale in opportunity zone,land,,,,,,,,,,,true,,,,,,,,,,,,